id,createdAt,content,authorId
1,8/31/2022,vehicula condimentum curabitur in libero,117
2,3/12/2022,at vulputate vitae nisl aenean lectus pellentesque eget nunc donec quis orci,76
3,11/26/2022,adipiscing elit proin interdum mauris non ligula pellentesque ultrices phasellus id,37
4,5/5/2022,eu felis fusce posuere felis sed lacus morbi sem mauris laoreet ut rhoncus aliquet pulvinar sed nisl,102
5,12/1/2022,sit amet consectetuer adipiscing elit,78
6,5/19/2022,nisi at nibh in hac habitasse platea dictumst,85
7,4/7/2022,nulla ultrices aliquet maecenas leo,124
8,1/12/2023,sodales scelerisque mauris sit amet eros suspendisse accumsan tortor quis turpis sed ante vivamus tortor duis mattis egestas,80
9,10/31/2022,sed lacus morbi sem mauris laoreet ut rhoncus aliquet pulvinar sed nisl nunc rhoncus dui vel sem,54
10,12/19/2022,praesent id massa id nisl venenatis lacinia aenean sit amet justo morbi ut odio cras mi pede,83
11,1/1/2023,suspendisse ornare consequat lectus in est risus auctor sed tristique in tempus sit amet sem,18
12,5/19/2022,posuere cubilia curae mauris viverra,89
13,10/18/2022,eu nibh quisque id justo sit amet sapien dignissim,58
14,1/31/2022,ultrices posuere cubilia curae nulla dapibus dolor vel est donec odio,162
15,9/30/2022,posuere cubilia curae nulla dapibus dolor vel est donec odio justo sollicitudin ut suscipit a,176
16,5/28/2022,elementum pellentesque quisque porta volutpat erat quisque erat eros viverra eget congue eget semper rutrum nulla,75
17,9/22/2022,in congue etiam justo etiam pretium iaculis justo in hac,74
18,5/14/2022,volutpat erat quisque erat eros viverra eget congue eget semper rutrum nulla nunc purus phasellus in felis donec semper,106
19,2/22/2022,in est risus auctor sed tristique in tempus sit amet,94
20,9/24/2022,adipiscing elit proin risus praesent lectus vestibulum,28
21,10/21/2022,vel augue vestibulum ante ipsum primis,14
22,12/12/2022,vulputate nonummy maecenas tincidunt lacus at velit vivamus vel nulla eget eros elementum pellentesque quisque porta,63
23,3/3/2022,rhoncus dui vel sem sed sagittis nam congue risus semper porta volutpat quam pede lobortis ligula sit,99
24,7/2/2022,quam sollicitudin vitae consectetuer,163
25,6/18/2022,eu orci mauris lacinia sapien quis libero nullam sit amet turpis elementum ligula vehicula consequat,118
26,6/28/2022,mi pede malesuada in,117
27,7/25/2022,sagittis sapien cum sociis natoque penatibus et magnis dis parturient montes,105
28,3/31/2022,vestibulum ante ipsum primis in faucibus orci luctus et ultrices,178
29,8/22/2022,vestibulum ante ipsum primis in faucibus orci luctus et ultrices posuere cubilia curae mauris viverra diam vitae quam suspendisse potenti,106
30,6/18/2022,praesent blandit lacinia erat vestibulum sed magna at nunc commodo placerat praesent blandit nam nulla integer pede justo,156
31,7/2/2022,luctus tincidunt nulla mollis molestie lorem quisque ut erat curabitur gravida nisi,138
32,5/5/2022,nulla tellus in sagittis dui vel nisl duis ac,52
33,10/26/2022,parturient montes nascetur ridiculus mus vivamus vestibulum sagittis sapien cum sociis natoque penatibus et magnis dis parturient montes nascetur ridiculus,151
34,3/21/2022,nulla justo aliquam quis turpis eget elit sodales,180
35,8/3/2022,suspendisse potenti nullam porttitor lacus at turpis donec posuere metus vitae ipsum aliquam non mauris morbi non lectus aliquam sit,121
36,6/27/2022,sit amet erat nulla tempus vivamus in felis eu sapien cursus vestibulum proin eu mi nulla,150
37,8/13/2022,penatibus et magnis dis parturient montes nascetur,41
38,1/2/2023,lorem vitae mattis nibh ligula nec sem duis aliquam convallis nunc proin,12
39,7/10/2022,mollis molestie lorem quisque ut erat curabitur gravida nisi at nibh in hac,62
40,6/5/2022,orci luctus et ultrices,189
41,9/30/2022,curabitur gravida nisi at nibh in hac habitasse platea dictumst aliquam augue quam sollicitudin vitae consectetuer eget rutrum at lorem,144
42,2/10/2022,cras non velit nec nisi vulputate nonummy maecenas tincidunt lacus at velit vivamus vel nulla eget eros elementum pellentesque quisque,132
43,9/7/2022,felis donec semper sapien a libero nam dui proin leo odio porttitor id consequat in consequat ut,114
44,2/6/2022,nisi nam ultrices libero non mattis pulvinar nulla pede ullamcorper,79
45,12/14/2022,enim sit amet nunc viverra dapibus nulla suscipit ligula in lacus curabitur at ipsum ac tellus semper interdum,191
46,12/11/2022,erat nulla tempus vivamus in felis eu sapien cursus vestibulum proin eu mi nulla ac enim in tempor turpis nec,136
47,12/23/2022,in congue etiam justo etiam pretium iaculis justo in hac habitasse platea dictumst,79
48,4/24/2022,mattis nibh ligula nec,49
49,3/18/2022,in faucibus orci luctus et ultrices,60
50,9/23/2022,in leo maecenas pulvinar lobortis,61
51,4/1/2022,ultricies eu nibh quisque id justo sit amet sapien dignissim vestibulum vestibulum ante,52
52,7/6/2022,suspendisse accumsan tortor quis turpis sed ante vivamus tortor duis mattis egestas metus aenean fermentum,130
53,10/14/2022,enim in tempor turpis nec euismod scelerisque quam turpis adipiscing lorem vitae mattis nibh ligula nec sem duis aliquam convallis,75
54,11/19/2022,amet turpis elementum ligula vehicula consequat morbi a,191
55,4/20/2022,vel nisl duis ac nibh fusce lacus purus aliquet at feugiat non pretium,38
56,12/3/2022,commodo placerat praesent blandit nam nulla integer pede justo lacinia eget tincidunt eget tempus vel,133
57,12/11/2022,non mattis pulvinar nulla pede ullamcorper augue a suscipit nulla elit,69
58,3/8/2022,risus auctor sed tristique in tempus sit,131
59,9/28/2022,rhoncus aliquam lacus morbi,196
60,3/5/2022,urna ut tellus nulla ut erat id mauris vulputate elementum nullam varius,167
61,10/15/2022,eleifend pede libero quis orci nullam molestie nibh in lectus pellentesque at nulla suspendisse potenti cras in,138
62,10/18/2022,purus sit amet nulla quisque arcu libero rutrum ac lobortis vel dapibus at diam,90
63,3/12/2022,lorem ipsum dolor sit amet consectetuer adipiscing elit,70
64,10/14/2022,risus semper porta volutpat quam pede lobortis ligula sit amet eleifend pede libero,105
65,10/8/2022,aenean fermentum donec ut mauris eget,165
66,5/4/2022,bibendum imperdiet nullam orci pede venenatis non sodales sed tincidunt eu felis fusce posuere felis sed lacus,31
67,1/11/2023,quis justo maecenas rhoncus aliquam lacus morbi quis tortor id,6
68,8/3/2022,vitae nisi nam ultrices libero non mattis,164
69,2/9/2022,rhoncus mauris enim leo rhoncus sed vestibulum sit amet,31
70,11/17/2022,erat volutpat in congue etiam,111
71,3/22/2022,augue luctus tincidunt nulla mollis molestie lorem quisque ut erat curabitur gravida nisi at nibh in hac,85
72,2/17/2022,quis justo maecenas rhoncus aliquam lacus morbi quis tortor id,41
73,4/11/2022,tincidunt ante vel ipsum praesent blandit lacinia erat vestibulum sed magna at nunc commodo placerat praesent,175
74,7/12/2022,duis faucibus accumsan odio curabitur convallis duis consequat dui nec nisi volutpat eleifend donec ut dolor morbi,87
75,8/17/2022,integer ac leo pellentesque ultrices mattis odio donec vitae nisi nam ultrices,43
76,3/28/2022,nisl nunc nisl duis,179
77,9/7/2022,et ultrices posuere cubilia,66
78,11/2/2022,ipsum primis in faucibus orci,112
79,11/28/2022,dis parturient montes nascetur ridiculus mus vivamus vestibulum sagittis sapien cum sociis natoque penatibus,78
80,5/28/2022,donec diam neque vestibulum eget vulputate ut ultrices vel augue vestibulum ante ipsum primis in faucibus orci luctus et ultrices,28
81,7/16/2022,ullamcorper purus sit amet nulla quisque arcu libero rutrum ac lobortis vel dapibus at diam nam tristique tortor,51
82,11/20/2022,vulputate ut ultrices vel augue vestibulum ante ipsum,78
83,9/3/2022,in faucibus orci luctus et ultrices posuere cubilia curae mauris viverra diam,157
84,3/2/2022,sapien arcu sed augue aliquam erat volutpat,169
85,12/30/2022,augue aliquam erat volutpat,11
86,6/24/2022,neque sapien placerat ante nulla justo aliquam quis turpis eget elit sodales scelerisque mauris sit,151
87,11/30/2022,quam nec dui luctus rutrum nulla tellus in sagittis,147
88,9/8/2022,dapibus dolor vel est donec,68
89,8/26/2022,sollicitudin vitae consectetuer eget rutrum at lorem,80
90,12/5/2022,rutrum nulla nunc purus phasellus in felis donec semper sapien a libero nam dui proin,94
91,8/21/2022,potenti cras in purus eu magna vulputate luctus cum sociis natoque penatibus et magnis dis parturient,102
92,12/2/2022,morbi ut odio cras mi pede malesuada in imperdiet et commodo vulputate justo in,83
93,3/8/2022,est et tempus semper est quam pharetra magna ac consequat metus sapien ut,4
94,2/25/2022,faucibus orci luctus et ultrices posuere cubilia curae nulla dapibus dolor vel,13
95,4/13/2022,enim leo rhoncus sed vestibulum sit amet cursus,87
96,5/24/2022,est congue elementum in hac habitasse platea dictumst morbi vestibulum velit id pretium,44
97,4/23/2022,erat curabitur gravida nisi at nibh in hac habitasse platea dictumst aliquam augue quam sollicitudin vitae consectetuer eget rutrum,155
98,9/14/2022,adipiscing lorem vitae mattis nibh ligula nec sem duis aliquam convallis nunc proin at turpis a pede posuere nonummy,4
99,6/21/2022,odio consequat varius integer ac leo pellentesque ultrices mattis odio donec vitae nisi nam ultrices,106
100,9/3/2022,ante ipsum primis in faucibus orci luctus et ultrices posuere cubilia curae nulla dapibus dolor vel,46
101,10/28/2022,platea dictumst morbi vestibulum velit id pretium,48
102,8/17/2022,at vulputate vitae nisl,17
103,4/4/2022,eu mi nulla ac enim,118
104,3/13/2022,diam neque vestibulum eget vulputate ut ultrices,51
105,12/25/2022,fermentum justo nec condimentum neque sapien placerat ante nulla justo aliquam quis turpis eget elit sodales scelerisque,167
106,11/13/2022,nunc nisl duis bibendum felis,7
107,5/6/2022,sapien varius ut blandit non interdum in ante vestibulum ante ipsum primis in faucibus orci,158
108,1/22/2023,neque vestibulum eget vulputate ut ultrices vel augue vestibulum ante ipsum,64
109,10/5/2022,lobortis ligula sit amet eleifend pede libero quis orci nullam molestie nibh in,181
110,8/29/2022,amet nunc viverra dapibus nulla suscipit,161
111,5/22/2022,habitasse platea dictumst maecenas ut massa quis augue luctus tincidunt nulla mollis,33
112,2/19/2022,pellentesque quisque porta volutpat erat quisque erat eros viverra eget congue eget semper rutrum nulla nunc,163
113,5/20/2022,suscipit a feugiat et,156
114,1/26/2022,ornare imperdiet sapien urna pretium nisl ut volutpat sapien arcu sed augue aliquam erat volutpat in,96
115,11/9/2022,morbi non quam nec dui luctus rutrum nulla tellus,167
116,5/8/2022,sem sed sagittis nam congue risus semper porta volutpat quam pede,110
117,3/12/2022,orci pede venenatis non sodales sed tincidunt eu felis fusce posuere felis,115
118,4/2/2022,etiam pretium iaculis justo in hac habitasse platea dictumst etiam faucibus cursus urna ut tellus nulla ut,66
119,5/25/2022,accumsan odio curabitur convallis duis consequat dui nec nisi volutpat eleifend donec ut dolor morbi,193
120,5/26/2022,morbi non lectus aliquam sit amet diam,97
121,4/1/2022,integer ac neque duis bibendum morbi,162
122,10/16/2022,montes nascetur ridiculus mus vivamus vestibulum sagittis sapien cum sociis natoque penatibus et magnis dis parturient montes nascetur ridiculus mus,104
123,7/14/2022,sapien a libero nam dui proin leo odio porttitor id consequat in consequat ut nulla sed accumsan felis ut at,165
124,6/20/2022,luctus et ultrices posuere cubilia curae nulla dapibus dolor vel,95
125,8/24/2022,sit amet cursus id turpis integer aliquet massa id lobortis convallis tortor risus dapibus augue vel,23
126,3/2/2022,morbi a ipsum integer a nibh in quis justo maecenas rhoncus aliquam lacus morbi quis tortor id nulla ultrices aliquet,107
127,12/24/2022,consectetuer adipiscing elit proin interdum mauris non ligula pellentesque ultrices phasellus id sapien in,131
128,12/25/2022,nullam varius nulla facilisi cras non velit nec nisi vulputate nonummy maecenas tincidunt lacus,30
129,7/12/2022,elit proin interdum mauris non ligula,98
130,12/4/2022,interdum mauris ullamcorper purus sit amet nulla quisque arcu libero rutrum ac lobortis vel dapibus at diam,110
131,6/6/2022,lobortis convallis tortor risus dapibus augue vel accumsan tellus nisi eu orci mauris lacinia sapien quis libero nullam,65
132,6/4/2022,imperdiet nullam orci pede venenatis non sodales sed tincidunt eu felis fusce posuere felis sed lacus,64
133,3/31/2022,tempus semper est quam pharetra magna ac consequat metus sapien,49
134,10/7/2022,id justo sit amet sapien dignissim vestibulum vestibulum ante ipsum primis in faucibus orci luctus et ultrices posuere cubilia,149
135,7/20/2022,mi in porttitor pede justo eu massa donec dapibus duis at velit eu est congue elementum in hac habitasse platea,163
136,10/12/2022,amet consectetuer adipiscing elit proin interdum mauris non ligula pellentesque ultrices,94
137,5/26/2022,pellentesque quisque porta volutpat erat quisque erat eros viverra eget congue eget semper rutrum nulla nunc purus phasellus in,193
138,10/4/2022,parturient montes nascetur ridiculus mus vivamus vestibulum sagittis sapien cum sociis natoque penatibus et magnis dis,181
139,5/29/2022,vestibulum ante ipsum primis in faucibus,62
140,12/5/2022,in faucibus orci luctus et,160
141,4/14/2022,nisl aenean lectus pellentesque eget nunc donec,77
142,3/13/2022,non sodales sed tincidunt eu felis fusce posuere felis sed lacus morbi sem mauris laoreet ut,72
143,5/25/2022,a feugiat et eros vestibulum ac est lacinia nisi venenatis tristique,162
144,7/14/2022,in faucibus orci luctus,170
145,7/23/2022,lobortis ligula sit amet eleifend pede,58
146,9/10/2022,venenatis lacinia aenean sit amet justo morbi ut odio cras mi pede,112
147,5/6/2022,adipiscing lorem vitae mattis nibh ligula nec sem duis aliquam convallis,18
148,7/7/2022,vel lectus in quam fringilla rhoncus mauris enim leo rhoncus sed vestibulum sit amet cursus,166
149,7/6/2022,ligula sit amet eleifend pede libero quis orci nullam molestie,93
150,5/3/2022,curae donec pharetra magna vestibulum aliquet ultrices erat tortor sollicitudin mi sit amet lobortis sapien sapien non mi integer,16
151,7/8/2022,vestibulum vestibulum ante ipsum primis in faucibus orci luctus et ultrices posuere cubilia curae nulla dapibus dolor,102
152,3/6/2022,nulla neque libero convallis eget eleifend luctus ultricies eu nibh quisque id,126
153,1/6/2023,id justo sit amet sapien dignissim vestibulum vestibulum,194
154,9/14/2022,ornare consequat lectus in,160
155,4/28/2022,lorem ipsum dolor sit amet consectetuer adipiscing elit proin interdum mauris non ligula pellentesque ultrices phasellus id sapien,112
156,1/6/2023,porttitor lorem id ligula suspendisse ornare consequat lectus in est risus auctor sed tristique in tempus sit amet sem fusce,43
157,7/27/2022,sapien in sapien iaculis congue,98
158,3/22/2022,volutpat sapien arcu sed augue aliquam erat volutpat in congue etiam,65
159,5/7/2022,ligula pellentesque ultrices phasellus id sapien in sapien iaculis congue vivamus metus arcu adipiscing molestie hendrerit at vulputate,40
160,8/5/2022,blandit lacinia erat vestibulum sed magna at nunc commodo placerat praesent,80
161,12/26/2022,blandit lacinia erat vestibulum sed magna at nunc commodo placerat praesent blandit nam,67
162,9/8/2022,posuere cubilia curae mauris viverra diam vitae quam suspendisse potenti nullam porttitor lacus at turpis donec posuere metus vitae,110
163,5/16/2022,eu sapien cursus vestibulum proin eu mi nulla ac enim,191
164,4/8/2022,justo in hac habitasse,47
165,2/3/2022,rutrum neque aenean auctor gravida sem,33
166,8/4/2022,lacus at velit vivamus vel nulla eget eros,153
167,10/6/2022,curae mauris viverra diam vitae quam suspendisse,21
168,11/22/2022,maecenas pulvinar lobortis est phasellus sit amet erat nulla tempus vivamus in felis eu sapien cursus,60
169,5/12/2022,risus dapibus augue vel accumsan tellus nisi eu,66
170,7/23/2022,ac neque duis bibendum morbi non quam nec dui,106
171,1/14/2023,fermentum donec ut mauris eget massa tempor convallis nulla neque libero convallis eget eleifend luctus ultricies eu nibh,191
172,7/27/2022,in sagittis dui vel,59
173,4/17/2022,justo nec condimentum neque sapien placerat ante nulla justo aliquam quis turpis eget,51
174,11/26/2022,ultrices posuere cubilia curae duis faucibus accumsan odio,47
175,6/18/2022,duis mattis egestas metus aenean fermentum donec,194
176,2/16/2022,sodales sed tincidunt eu felis fusce posuere felis sed,90
177,3/13/2022,mollis molestie lorem quisque ut erat curabitur gravida nisi at nibh in hac,68
178,11/21/2022,sem mauris laoreet ut rhoncus,48
179,4/27/2022,quisque erat eros viverra eget congue eget,147
180,7/28/2022,amet eros suspendisse accumsan tortor quis turpis sed ante vivamus tortor duis mattis egestas metus aenean,12
181,12/4/2022,praesent id massa id nisl venenatis lacinia aenean sit amet justo morbi ut odio cras mi pede malesuada in,83
182,4/19/2022,in hac habitasse platea dictumst aliquam augue quam sollicitudin vitae consectetuer eget rutrum at lorem integer,184
183,7/13/2022,augue vel accumsan tellus nisi eu orci mauris lacinia sapien quis libero nullam sit amet turpis elementum ligula,2
184,12/13/2022,leo odio porttitor id consequat in consequat ut nulla sed accumsan felis ut at dolor quis odio consequat,47
185,5/19/2022,fringilla rhoncus mauris enim leo rhoncus sed,66
186,4/21/2022,arcu libero rutrum ac lobortis vel,133
187,7/24/2022,a suscipit nulla elit ac nulla sed vel,9
188,9/14/2022,posuere cubilia curae nulla dapibus dolor vel est donec odio,10
189,11/19/2022,amet diam in magna bibendum imperdiet nullam orci pede venenatis non,1
190,4/27/2022,lectus in quam fringilla rhoncus mauris enim,170
191,9/19/2022,sit amet diam in magna bibendum imperdiet nullam,62
192,10/14/2022,in magna bibendum imperdiet nullam orci pede venenatis non sodales sed tincidunt eu felis fusce posuere felis sed lacus,194
193,8/20/2022,curabitur convallis duis consequat dui nec nisi volutpat eleifend donec ut dolor morbi,170
194,6/21/2022,massa quis augue luctus tincidunt,132
195,6/26/2022,volutpat sapien arcu sed augue aliquam erat volutpat in congue etiam justo,188
196,11/19/2022,eget vulputate ut ultrices vel augue vestibulum ante ipsum primis in faucibus orci luctus et ultrices posuere,81
197,5/14/2022,id luctus nec molestie sed justo pellentesque viverra pede ac diam cras pellentesque volutpat dui,66
198,11/18/2022,nibh in hac habitasse platea dictumst aliquam augue quam sollicitudin vitae consectetuer eget,110
199,10/9/2022,diam neque vestibulum eget vulputate ut ultrices,78
200,2/28/2022,tellus nisi eu orci mauris lacinia sapien quis libero nullam sit,11
201,6/30/2022,quis turpis sed ante vivamus tortor duis mattis egestas metus aenean fermentum donec ut mauris,139
202,7/27/2022,turpis eget elit sodales scelerisque mauris sit amet eros suspendisse,158
203,2/28/2022,lacus purus aliquet at feugiat non,95
204,2/11/2022,donec posuere metus vitae ipsum aliquam non mauris morbi non,43
205,7/21/2022,risus auctor sed tristique in,98
206,8/25/2022,ac nulla sed vel enim sit amet nunc viverra dapibus nulla suscipit,35
207,4/24/2022,congue risus semper porta volutpat quam pede lobortis ligula sit amet eleifend pede libero quis orci nullam molestie,7
208,3/27/2022,non pretium quis lectus suspendisse potenti in eleifend quam a odio,42
209,2/26/2022,vivamus metus arcu adipiscing molestie hendrerit,198
210,3/24/2022,congue risus semper porta volutpat quam pede lobortis,113
211,6/26/2022,sagittis nam congue risus semper,125
212,2/10/2022,magna bibendum imperdiet nullam orci pede venenatis non sodales sed tincidunt eu felis fusce posuere felis sed lacus morbi sem,39
213,12/25/2022,imperdiet sapien urna pretium nisl,143
214,7/25/2022,sed ante vivamus tortor duis mattis egestas metus aenean fermentum donec ut mauris eget,32
215,12/9/2022,bibendum felis sed interdum venenatis turpis enim blandit mi in porttitor pede justo eu massa,22
216,7/21/2022,augue vel accumsan tellus nisi eu orci mauris lacinia sapien quis libero,111
217,9/23/2022,felis ut at dolor quis odio consequat varius integer ac leo pellentesque ultrices mattis,137
218,5/22/2022,eu felis fusce posuere felis sed,110
219,2/23/2022,ut rhoncus aliquet pulvinar sed nisl nunc rhoncus dui vel sem sed,5
220,10/9/2022,tempus sit amet sem fusce consequat nulla nisl nunc nisl duis bibendum felis sed interdum venenatis,159
221,5/10/2022,sit amet consectetuer adipiscing elit proin risus,70
222,11/11/2022,morbi non lectus aliquam sit amet diam in magna bibendum imperdiet nullam orci pede venenatis non sodales sed tincidunt,93
223,5/11/2022,mi in porttitor pede justo eu,153
224,8/24/2022,aliquam convallis nunc proin at turpis a pede posuere nonummy integer,46
225,9/7/2022,tempus vel pede morbi porttitor lorem,131
226,8/14/2022,curae mauris viverra diam vitae,111
227,1/4/2023,nulla ut erat id mauris vulputate elementum nullam varius nulla facilisi cras non velit nec nisi vulputate nonummy,63
228,11/22/2022,sapien cursus vestibulum proin eu mi nulla ac enim in tempor turpis nec euismod scelerisque quam,190
229,5/17/2022,semper sapien a libero nam dui proin leo odio porttitor id consequat in consequat ut nulla sed,46
230,11/1/2022,integer ac neque duis bibendum morbi non quam nec,46
231,11/10/2022,mattis odio donec vitae nisi nam ultrices libero non mattis,110
232,9/5/2022,pellentesque at nulla suspendisse,164
233,11/11/2022,vestibulum ante ipsum primis in faucibus,115
234,6/24/2022,turpis donec posuere metus vitae ipsum aliquam non mauris morbi non lectus aliquam,161
235,1/8/2023,eget massa tempor convallis nulla neque libero convallis eget eleifend luctus,113
236,8/19/2022,penatibus et magnis dis parturient montes nascetur ridiculus,131
237,1/19/2023,tempor convallis nulla neque,125
238,6/14/2022,dapibus dolor vel est donec odio,183
239,8/9/2022,massa id nisl venenatis lacinia aenean sit amet justo morbi ut odio cras mi pede malesuada in imperdiet et,106
240,11/30/2022,diam erat fermentum justo nec condimentum,137
241,1/17/2023,pellentesque viverra pede ac diam cras,187
242,12/5/2022,erat tortor sollicitudin mi sit amet lobortis sapien sapien non mi integer ac neque duis bibendum morbi,197
243,11/10/2022,sem sed sagittis nam congue risus semper porta volutpat quam pede lobortis ligula sit amet,127
244,7/16/2022,orci luctus et ultrices posuere cubilia curae mauris viverra diam vitae quam suspendisse potenti nullam porttitor,180
245,1/7/2023,diam neque vestibulum eget vulputate,101
246,4/21/2022,luctus nec molestie sed justo pellentesque viverra pede ac diam cras pellentesque volutpat dui maecenas tristique est,193
247,1/18/2023,amet consectetuer adipiscing elit proin risus praesent lectus vestibulum quam sapien varius ut blandit non,141
248,2/17/2022,accumsan tortor quis turpis sed ante vivamus tortor,60
249,3/5/2022,orci pede venenatis non sodales sed tincidunt eu felis fusce posuere felis sed lacus morbi sem mauris laoreet,197
250,4/24/2022,aenean fermentum donec ut,8
251,3/1/2022,fermentum donec ut mauris eget massa tempor,126
252,1/17/2023,nibh in quis justo maecenas rhoncus aliquam lacus morbi quis tortor id,170
253,4/6/2022,ornare imperdiet sapien urna pretium nisl ut volutpat sapien arcu sed augue,23
254,11/11/2022,risus auctor sed tristique in tempus sit amet sem fusce consequat nulla nisl nunc nisl duis bibendum felis sed interdum,9
255,1/19/2023,nam congue risus semper porta volutpat quam pede lobortis ligula sit amet eleifend pede libero quis orci nullam molestie nibh,187
256,4/10/2022,vestibulum quam sapien varius ut blandit non interdum in ante vestibulum ante,186
257,6/8/2022,eget eleifend luctus ultricies eu nibh quisque id justo sit amet sapien dignissim vestibulum vestibulum ante ipsum primis in,84
258,2/10/2022,ligula nec sem duis aliquam convallis nunc proin at turpis a pede posuere nonummy integer non velit donec diam neque,143
259,2/16/2022,donec semper sapien a libero nam dui proin,68
260,4/12/2022,congue eget semper rutrum nulla nunc purus phasellus,116
261,7/7/2022,dui luctus rutrum nulla tellus in sagittis dui vel,150
262,9/29/2022,accumsan tortor quis turpis sed ante vivamus tortor duis mattis egestas metus aenean fermentum donec ut,7
263,12/25/2022,quam suspendisse potenti nullam porttitor lacus,34
264,7/10/2022,vitae nisl aenean lectus pellentesque eget nunc donec quis orci eget orci vehicula condimentum curabitur in libero ut massa,151
265,12/3/2022,eu sapien cursus vestibulum,77
266,10/30/2022,erat quisque erat eros viverra eget congue eget semper rutrum nulla nunc purus phasellus in felis donec semper sapien,193
267,3/1/2022,vestibulum quam sapien varius ut blandit non interdum in ante vestibulum ante ipsum primis,101
268,1/23/2023,sit amet consectetuer adipiscing elit proin risus praesent lectus vestibulum quam sapien varius ut blandit non,33
269,10/2/2022,pulvinar sed nisl nunc rhoncus dui vel,37
270,8/1/2022,lacus purus aliquet at feugiat non pretium quis lectus suspendisse potenti in eleifend quam,10
271,1/23/2023,mattis odio donec vitae nisi nam ultrices libero,21
272,1/19/2023,risus auctor sed tristique in tempus sit amet sem fusce consequat nulla nisl nunc nisl duis bibendum,102
273,1/17/2023,odio elementum eu interdum eu tincidunt in leo maecenas pulvinar,160
274,11/7/2022,fusce posuere felis sed lacus morbi sem mauris laoreet ut rhoncus aliquet pulvinar sed nisl nunc rhoncus dui vel sem,47
275,12/22/2022,eu orci mauris lacinia,99
276,12/13/2022,sollicitudin mi sit amet lobortis sapien sapien non mi integer ac neque duis bibendum morbi non quam nec dui,102
277,7/4/2022,convallis nunc proin at turpis a pede posuere nonummy integer,200
278,8/25/2022,integer non velit donec diam neque vestibulum eget vulputate ut ultrices vel augue vestibulum ante ipsum primis in,63
279,1/12/2023,suspendisse potenti in eleifend quam,76
280,4/22/2022,sem praesent id massa id nisl venenatis lacinia aenean sit amet,9
281,4/7/2022,a ipsum integer a nibh in quis justo maecenas rhoncus aliquam lacus morbi,82
282,11/2/2022,cubilia curae nulla dapibus dolor vel est donec odio justo sollicitudin ut suscipit,24
283,10/31/2022,hac habitasse platea dictumst morbi vestibulum velit id pretium iaculis diam erat,107
284,12/23/2022,fermentum justo nec condimentum neque sapien placerat ante nulla justo aliquam quis turpis eget elit sodales scelerisque mauris sit,181
285,1/5/2023,cras in purus eu magna vulputate luctus cum sociis natoque penatibus et magnis dis parturient montes nascetur ridiculus mus,7
286,3/30/2022,odio consequat varius integer ac leo pellentesque ultrices mattis odio donec vitae nisi,108
287,6/11/2022,justo aliquam quis turpis eget elit sodales scelerisque mauris sit amet eros suspendisse accumsan,145
288,9/28/2022,nulla integer pede justo lacinia,10
289,8/17/2022,sed nisl nunc rhoncus dui vel sem sed sagittis nam congue risus semper porta volutpat,143
290,9/28/2022,duis faucibus accumsan odio curabitur convallis duis consequat dui nec nisi volutpat,114
291,11/25/2022,ultrices libero non mattis pulvinar nulla pede ullamcorper augue a suscipit nulla elit ac nulla sed,144
292,3/18/2022,rutrum rutrum neque aenean auctor gravida sem praesent id massa id nisl venenatis lacinia aenean sit amet justo morbi ut,113
293,11/25/2022,interdum mauris ullamcorper purus sit amet nulla quisque arcu libero rutrum ac lobortis vel dapibus at diam,26
294,4/9/2022,montes nascetur ridiculus mus etiam vel augue vestibulum rutrum,108
295,6/15/2022,laoreet ut rhoncus aliquet pulvinar sed nisl nunc rhoncus dui vel sem sed sagittis nam,126
296,6/8/2022,sem mauris laoreet ut rhoncus aliquet pulvinar sed nisl nunc rhoncus dui vel sem sed,62
297,12/1/2022,elit ac nulla sed vel,6
298,10/10/2022,pellentesque viverra pede ac diam cras pellentesque volutpat dui maecenas tristique est et tempus semper est quam pharetra magna ac,6
299,5/3/2022,faucibus orci luctus et ultrices posuere cubilia curae nulla dapibus,52
300,12/11/2022,dolor sit amet consectetuer,76
301,8/26/2022,at feugiat non pretium quis lectus suspendisse potenti in eleifend quam a odio in hac habitasse,150
302,5/15/2022,interdum in ante vestibulum ante ipsum primis in faucibus orci luctus et ultrices posuere,102
303,12/29/2022,eget tempus vel pede morbi porttitor lorem id ligula suspendisse ornare consequat lectus in est risus auctor sed tristique in,94
304,7/10/2022,odio in hac habitasse platea dictumst maecenas ut massa quis augue luctus tincidunt nulla mollis molestie lorem quisque,140
305,1/24/2023,vestibulum ante ipsum primis in faucibus orci luctus et,144
306,8/9/2022,ut tellus nulla ut erat id,83
307,2/5/2022,ut suscipit a feugiat et eros vestibulum,74
308,1/24/2023,at nunc commodo placerat praesent,50
309,9/13/2022,nec condimentum neque sapien placerat ante nulla justo aliquam quis turpis eget elit sodales,79
310,1/7/2023,nonummy integer non velit donec diam neque vestibulum eget vulputate ut,194
311,11/27/2022,rhoncus aliquet pulvinar sed nisl nunc rhoncus dui vel sem sed sagittis nam congue risus semper porta volutpat quam,169
312,6/2/2022,lorem id ligula suspendisse ornare consequat lectus in est risus auctor sed tristique in tempus sit,76
313,4/2/2022,habitasse platea dictumst aliquam augue quam sollicitudin vitae consectetuer eget,119
314,1/31/2022,proin at turpis a pede posuere nonummy integer non velit donec,52
315,5/18/2022,amet consectetuer adipiscing elit proin risus praesent,115
316,1/29/2022,penatibus et magnis dis parturient montes nascetur ridiculus mus etiam vel augue vestibulum rutrum,193
317,4/5/2022,morbi ut odio cras mi,55
318,12/2/2022,erat volutpat in congue etiam justo etiam pretium iaculis justo in hac habitasse platea dictumst etiam faucibus cursus urna,58
319,8/22/2022,sed vel enim sit amet nunc viverra dapibus nulla suscipit ligula in lacus curabitur at,153
320,11/22/2022,phasellus sit amet erat nulla tempus vivamus in felis eu sapien cursus,151
321,4/5/2022,tortor duis mattis egestas metus aenean fermentum donec ut mauris eget,191
322,7/23/2022,justo in blandit ultrices enim lorem ipsum dolor sit amet consectetuer adipiscing elit proin interdum mauris non ligula pellentesque ultrices,20
323,2/12/2022,risus semper porta volutpat quam pede lobortis ligula sit amet eleifend pede libero quis orci nullam molestie nibh in lectus,114
324,10/26/2022,parturient montes nascetur ridiculus mus vivamus vestibulum sagittis sapien cum sociis natoque penatibus et,179
325,5/8/2022,ante vel ipsum praesent blandit lacinia erat vestibulum sed magna at nunc commodo placerat praesent,195
326,5/5/2022,ultrices libero non mattis pulvinar nulla pede ullamcorper augue a suscipit,160
327,1/27/2022,sit amet eros suspendisse accumsan tortor quis turpis sed ante vivamus tortor duis mattis,84
328,2/1/2022,faucibus accumsan odio curabitur convallis duis,179
329,3/7/2022,sed sagittis nam congue risus semper porta volutpat quam pede lobortis ligula sit amet eleifend pede libero quis orci nullam,55
330,10/8/2022,sapien sapien non mi integer ac neque duis bibendum morbi non quam nec dui luctus,147
331,1/16/2023,nam dui proin leo odio porttitor id consequat in consequat ut nulla sed accumsan felis,120
332,7/1/2022,felis ut at dolor quis odio consequat varius integer ac leo pellentesque,33
333,4/26/2022,orci luctus et ultrices posuere cubilia curae mauris viverra diam vitae quam suspendisse,29
334,7/2/2022,erat id mauris vulputate elementum nullam varius nulla facilisi cras non,38
335,3/2/2022,porttitor lorem id ligula suspendisse ornare consequat lectus in est risus auctor sed tristique in tempus sit amet sem fusce,156
336,11/19/2022,ac enim in tempor turpis nec euismod scelerisque quam turpis adipiscing lorem vitae mattis nibh ligula nec sem duis,29
337,2/26/2022,non interdum in ante vestibulum ante ipsum primis in,32
338,7/6/2022,ultrices posuere cubilia curae,100
339,12/28/2022,ridiculus mus etiam vel augue vestibulum rutrum rutrum,14
340,6/15/2022,donec ut mauris eget massa tempor convallis nulla neque libero convallis,145
341,4/22/2022,primis in faucibus orci luctus et ultrices,170
342,9/11/2022,sagittis nam congue risus semper porta volutpat quam pede lobortis ligula sit amet eleifend,100
343,2/2/2022,rutrum at lorem integer tincidunt ante vel ipsum praesent blandit lacinia erat vestibulum sed magna at nunc commodo placerat,84
344,3/30/2022,integer ac leo pellentesque ultrices mattis odio,131
345,3/13/2022,commodo vulputate justo in blandit ultrices enim lorem ipsum,105
346,11/5/2022,arcu sed augue aliquam erat volutpat in congue etiam justo etiam pretium iaculis justo in hac habitasse,133
347,10/18/2022,a suscipit nulla elit ac nulla sed vel enim sit amet nunc viverra dapibus,171
348,7/9/2022,suspendisse potenti cras in purus eu magna vulputate luctus cum sociis,52
349,2/12/2022,vestibulum sit amet cursus id turpis integer aliquet massa id lobortis convallis tortor risus dapibus augue,15
350,11/12/2022,dictumst morbi vestibulum velit id pretium iaculis diam erat fermentum justo,183
351,1/19/2023,morbi non quam nec dui luctus rutrum nulla tellus in sagittis dui,106
352,6/19/2022,at feugiat non pretium,158
353,5/14/2022,cum sociis natoque penatibus et magnis dis parturient montes nascetur ridiculus,94
354,7/26/2022,condimentum neque sapien placerat,73
355,7/20/2022,nam ultrices libero non mattis pulvinar nulla pede ullamcorper augue,139
356,7/11/2022,donec posuere metus vitae ipsum aliquam non mauris morbi non,15
357,7/20/2022,in felis eu sapien cursus vestibulum proin eu mi,180
358,5/23/2022,ligula vehicula consequat morbi a ipsum integer a nibh in quis justo maecenas rhoncus aliquam lacus morbi,103
359,9/19/2022,tempus vivamus in felis eu sapien cursus vestibulum proin eu mi nulla ac enim in tempor,100
360,5/30/2022,non mattis pulvinar nulla pede ullamcorper augue a suscipit nulla elit,135
361,11/30/2022,aliquam non mauris morbi non lectus aliquam sit amet diam in magna bibendum imperdiet nullam orci pede venenatis non,149
362,8/20/2022,in felis donec semper sapien a libero nam dui proin leo odio porttitor id consequat,158
363,11/29/2022,semper rutrum nulla nunc purus phasellus in felis donec semper sapien a libero nam dui,140
364,6/9/2022,libero quis orci nullam,199
365,5/29/2022,sit amet eleifend pede libero quis orci nullam molestie nibh in lectus pellentesque at nulla suspendisse,95
366,2/11/2022,nisl nunc rhoncus dui vel sem sed,188
367,9/21/2022,nam nulla integer pede justo lacinia eget tincidunt eget tempus vel pede,100
368,9/13/2022,eget tincidunt eget tempus vel pede morbi,113
369,12/12/2022,mollis molestie lorem quisque ut erat curabitur gravida nisi at nibh in hac habitasse platea dictumst aliquam,35
370,4/7/2022,enim leo rhoncus sed vestibulum sit amet cursus id turpis integer aliquet massa id,51
371,8/6/2022,aliquam non mauris morbi non lectus aliquam sit amet diam,104
372,4/28/2022,convallis tortor risus dapibus augue vel accumsan tellus nisi eu orci mauris lacinia sapien quis libero,20
373,10/20/2022,in hac habitasse platea dictumst etiam,147
374,5/25/2022,maecenas ut massa quis augue,103
375,9/12/2022,quisque ut erat curabitur gravida nisi at,77
376,11/18/2022,molestie sed justo pellentesque viverra pede ac diam,116
377,2/27/2022,iaculis congue vivamus metus arcu adipiscing molestie hendrerit at vulputate vitae nisl aenean lectus pellentesque,39
378,4/4/2022,vestibulum ante ipsum primis in faucibus orci luctus et ultrices posuere cubilia curae mauris viverra diam vitae quam suspendisse potenti,101
379,10/29/2022,habitasse platea dictumst aliquam augue quam sollicitudin vitae consectetuer eget rutrum at lorem integer tincidunt,1
380,3/8/2022,in lectus pellentesque at nulla suspendisse potenti cras in purus eu magna vulputate luctus,25
381,8/9/2022,mi nulla ac enim in tempor turpis nec euismod scelerisque quam turpis adipiscing lorem vitae mattis nibh ligula nec,70
382,3/23/2022,consectetuer adipiscing elit proin interdum mauris non ligula pellentesque ultrices phasellus id sapien in sapien iaculis congue vivamus metus,17
383,3/5/2022,sed lacus morbi sem mauris laoreet ut rhoncus aliquet pulvinar sed nisl nunc rhoncus dui vel sem sed sagittis nam,37
384,1/11/2023,ligula pellentesque ultrices phasellus id sapien in,183
385,10/30/2022,massa donec dapibus duis at velit eu,94
386,11/11/2022,id mauris vulputate elementum nullam varius nulla facilisi,2
387,4/24/2022,felis sed interdum venenatis turpis enim blandit mi in porttitor pede justo eu massa donec dapibus duis at velit,21
388,12/17/2022,at dolor quis odio consequat,80
389,4/12/2022,vulputate luctus cum sociis natoque penatibus et magnis dis parturient montes nascetur ridiculus mus,82
390,9/17/2022,in tempor turpis nec euismod,146
391,11/15/2022,nec dui luctus rutrum nulla tellus in,112
392,12/19/2022,nisl venenatis lacinia aenean,16
393,10/9/2022,imperdiet sapien urna pretium,198
394,11/6/2022,erat id mauris vulputate elementum nullam varius nulla,93
395,7/6/2022,quam a odio in hac habitasse platea dictumst maecenas ut massa quis augue luctus tincidunt nulla mollis,179
396,9/22/2022,sem fusce consequat nulla nisl nunc nisl duis bibendum felis sed interdum venenatis turpis enim blandit mi,107
397,5/10/2022,magna at nunc commodo placerat praesent blandit nam nulla integer pede justo lacinia eget tincidunt,95
398,10/3/2022,morbi sem mauris laoreet ut rhoncus aliquet pulvinar sed nisl,190
399,4/27/2022,tristique in tempus sit amet sem fusce consequat nulla nisl nunc nisl duis bibendum felis,180
400,8/23/2022,metus sapien ut nunc vestibulum,42
401,6/3/2022,tincidunt eget tempus vel pede morbi porttitor lorem,129
402,7/24/2022,habitasse platea dictumst morbi vestibulum velit id pretium iaculis diam erat fermentum justo nec condimentum neque sapien placerat ante nulla,136
403,5/8/2022,morbi porttitor lorem id ligula suspendisse ornare consequat,22
404,2/1/2022,mauris laoreet ut rhoncus aliquet pulvinar sed nisl nunc rhoncus dui vel sem sed sagittis nam congue,92
405,6/3/2022,aliquam lacus morbi quis tortor id nulla ultrices aliquet maecenas leo odio condimentum id luctus nec molestie sed justo pellentesque,3
406,6/17/2022,mauris morbi non lectus aliquam sit amet diam in magna,64
407,9/14/2022,sit amet erat nulla tempus vivamus in felis eu sapien cursus vestibulum proin eu mi nulla ac enim in,46
408,6/6/2022,proin eu mi nulla ac enim in tempor turpis nec euismod,111
409,11/10/2022,suscipit ligula in lacus curabitur,94
410,4/2/2022,vulputate luctus cum sociis natoque penatibus,190
411,10/15/2022,a ipsum integer a nibh in,118
412,1/7/2023,dolor sit amet consectetuer adipiscing elit proin,43
413,2/8/2022,in eleifend quam a odio,94
414,9/15/2022,sed augue aliquam erat,68
415,11/30/2022,vel pede morbi porttitor lorem id ligula suspendisse,92
416,3/28/2022,nec dui luctus rutrum,199
417,11/23/2022,vulputate luctus cum sociis natoque penatibus et magnis dis parturient montes nascetur ridiculus mus vivamus vestibulum sagittis sapien cum,141
418,1/5/2023,ut rhoncus aliquet pulvinar sed nisl nunc rhoncus dui vel sem sed sagittis nam,157
419,11/5/2022,ac est lacinia nisi venenatis tristique fusce congue diam id ornare imperdiet sapien urna pretium nisl ut,197
420,12/8/2022,sed tristique in tempus sit amet sem fusce consequat nulla nisl nunc nisl duis bibendum felis sed interdum venenatis turpis,99
421,11/5/2022,massa tempor convallis nulla neque libero convallis eget eleifend luctus ultricies eu,54
422,6/20/2022,libero nullam sit amet turpis elementum ligula vehicula consequat morbi a ipsum,184
423,3/24/2022,vestibulum sed magna at nunc commodo placerat praesent blandit nam nulla integer pede justo,86
424,1/7/2023,amet turpis elementum ligula vehicula consequat morbi a ipsum integer a nibh in,55
425,4/8/2022,massa quis augue luctus tincidunt nulla mollis molestie lorem quisque ut erat curabitur gravida nisi at nibh in,139
426,9/10/2022,tempus vivamus in felis eu sapien cursus vestibulum proin eu mi,132
427,9/8/2022,lacus morbi sem mauris laoreet ut rhoncus aliquet,186
428,7/3/2022,orci luctus et ultrices posuere cubilia curae donec pharetra magna vestibulum aliquet ultrices erat tortor sollicitudin mi sit,81
429,7/18/2022,at nibh in hac habitasse platea dictumst aliquam,16
430,5/23/2022,sagittis nam congue risus semper porta volutpat quam pede lobortis ligula,59
431,10/2/2022,ut blandit non interdum in ante vestibulum ante ipsum primis in faucibus orci luctus et ultrices,116
432,8/31/2022,amet eros suspendisse accumsan tortor quis turpis sed ante,115
433,8/5/2022,porttitor pede justo eu massa donec dapibus duis at velit eu est congue elementum,178
434,10/30/2022,praesent id massa id nisl venenatis lacinia aenean sit amet justo morbi ut odio cras mi pede,19
435,8/1/2022,sapien ut nunc vestibulum ante ipsum primis in faucibus orci luctus et ultrices posuere cubilia curae mauris viverra,33
436,8/20/2022,odio consequat varius integer ac,144
437,12/30/2022,vel est donec odio justo,143
438,2/22/2022,ligula sit amet eleifend pede libero quis,179
439,9/3/2022,auctor sed tristique in tempus sit amet sem fusce consequat nulla nisl nunc nisl duis bibendum,88
440,8/28/2022,pede posuere nonummy integer non velit donec diam neque vestibulum eget vulputate ut ultrices,102
441,1/16/2023,suscipit nulla elit ac nulla sed vel enim sit amet nunc viverra dapibus nulla suscipit ligula in,193
442,5/8/2022,quisque ut erat curabitur gravida nisi,182
443,10/7/2022,nulla pede ullamcorper augue a suscipit nulla elit ac nulla sed vel enim sit amet nunc viverra dapibus,51
444,5/8/2022,pharetra magna vestibulum aliquet ultrices erat tortor sollicitudin mi sit,55
445,11/14/2022,accumsan tellus nisi eu orci mauris lacinia,117
446,9/15/2022,montes nascetur ridiculus mus vivamus vestibulum sagittis sapien cum sociis natoque penatibus et magnis,141
447,9/18/2022,ante ipsum primis in faucibus orci luctus et ultrices posuere cubilia curae,162
448,3/23/2022,aliquet at feugiat non pretium quis lectus suspendisse potenti in eleifend quam a odio in hac habitasse platea dictumst,106
449,4/29/2022,in eleifend quam a,157
450,11/3/2022,nisi at nibh in hac habitasse platea dictumst aliquam augue quam,43
451,10/26/2022,nunc purus phasellus in felis donec,1
452,11/13/2022,at velit vivamus vel,113
453,2/12/2022,nisi nam ultrices libero non mattis pulvinar nulla pede ullamcorper augue,8
454,5/28/2022,odio elementum eu interdum eu tincidunt in leo maecenas pulvinar lobortis est phasellus sit amet erat,165
455,12/26/2022,imperdiet sapien urna pretium nisl ut volutpat sapien arcu sed augue aliquam,137
456,7/7/2022,id mauris vulputate elementum nullam,86
457,4/27/2022,tempus vel pede morbi porttitor lorem id ligula suspendisse ornare consequat lectus in est risus auctor sed tristique,103
458,12/21/2022,id lobortis convallis tortor risus dapibus augue vel accumsan tellus nisi eu orci mauris lacinia sapien quis libero nullam,173
459,3/17/2022,id lobortis convallis tortor risus dapibus augue vel accumsan tellus nisi eu orci,113
460,5/20/2022,a ipsum integer a nibh in quis justo maecenas rhoncus aliquam lacus morbi quis tortor id,146
461,7/27/2022,purus eu magna vulputate luctus cum sociis natoque penatibus et magnis,79
462,2/22/2022,erat curabitur gravida nisi at,110
463,11/26/2022,eu nibh quisque id justo sit amet sapien dignissim,169
464,11/7/2022,sapien cum sociis natoque penatibus et magnis dis parturient montes nascetur ridiculus mus etiam vel augue,169
465,4/5/2022,lectus in quam fringilla rhoncus mauris enim leo rhoncus sed,29
466,7/28/2022,dui vel sem sed sagittis nam congue risus,152
467,11/27/2022,consequat metus sapien ut nunc,122
468,9/14/2022,ac diam cras pellentesque volutpat dui,111
469,7/20/2022,faucibus orci luctus et ultrices posuere cubilia curae nulla dapibus dolor vel est donec odio,111
470,2/22/2022,potenti nullam porttitor lacus at turpis donec posuere metus vitae,167
471,5/23/2022,eget rutrum at lorem integer tincidunt ante vel ipsum praesent blandit lacinia erat vestibulum sed magna at nunc commodo placerat,180
472,10/31/2022,rutrum at lorem integer tincidunt ante vel ipsum praesent blandit lacinia erat vestibulum sed magna,158
473,12/27/2022,a pede posuere nonummy integer non velit,180
474,5/18/2022,sed vel enim sit amet nunc viverra dapibus nulla suscipit ligula in,44
475,9/11/2022,pede venenatis non sodales sed tincidunt eu felis,27
476,3/1/2022,mi pede malesuada in imperdiet et commodo vulputate justo,86
477,5/16/2022,proin eu mi nulla ac enim in tempor turpis nec,78
478,9/24/2022,adipiscing molestie hendrerit at vulputate vitae nisl aenean lectus pellentesque eget nunc donec quis orci eget orci vehicula condimentum,95
479,7/19/2022,congue elementum in hac habitasse platea dictumst morbi vestibulum velit id pretium iaculis diam erat fermentum,102
480,7/26/2022,lectus pellentesque eget nunc donec quis orci eget orci vehicula condimentum curabitur in libero ut massa volutpat convallis morbi,191
481,7/21/2022,in imperdiet et commodo vulputate justo in blandit ultrices enim lorem ipsum dolor sit amet consectetuer adipiscing,42
482,12/22/2022,mauris lacinia sapien quis libero nullam sit amet turpis elementum ligula vehicula consequat morbi a ipsum,144
483,12/12/2022,morbi a ipsum integer a,142
484,9/5/2022,eu interdum eu tincidunt in leo maecenas pulvinar lobortis est phasellus sit amet erat,61
485,2/11/2022,amet sapien dignissim vestibulum vestibulum ante ipsum primis in faucibus orci luctus et ultrices posuere cubilia curae nulla dapibus,67
486,6/30/2022,ut tellus nulla ut erat id mauris vulputate elementum nullam varius nulla facilisi cras non velit nec nisi vulputate,170
487,12/25/2022,neque vestibulum eget vulputate ut ultrices vel augue vestibulum ante ipsum primis in,11
488,9/25/2022,dui vel nisl duis ac nibh fusce lacus purus aliquet at feugiat non pretium quis lectus suspendisse,13
489,1/22/2023,tortor risus dapibus augue vel accumsan tellus,6
490,5/7/2022,erat tortor sollicitudin mi sit amet lobortis sapien sapien non mi integer ac neque duis bibendum morbi non quam nec,105
491,3/29/2022,leo pellentesque ultrices mattis odio donec vitae nisi nam ultrices libero non mattis pulvinar nulla pede ullamcorper augue a,159
492,4/25/2022,justo eu massa donec dapibus duis at velit eu est congue elementum,173
493,5/23/2022,fusce congue diam id ornare imperdiet sapien urna pretium nisl ut volutpat sapien arcu sed augue aliquam erat volutpat,144
494,10/4/2022,enim in tempor turpis nec euismod scelerisque quam turpis adipiscing lorem,161
495,6/5/2022,sem fusce consequat nulla nisl nunc nisl duis,165
496,1/1/2023,orci luctus et ultrices posuere,98
497,11/6/2022,velit eu est congue elementum in hac habitasse platea dictumst morbi vestibulum velit id pretium iaculis,31
498,7/18/2022,interdum in ante vestibulum ante ipsum primis in faucibus orci luctus et ultrices posuere cubilia curae duis faucibus accumsan,57
499,10/3/2022,nullam sit amet turpis,106
500,10/23/2022,morbi odio odio elementum eu interdum eu tincidunt in leo maecenas,27
501,2/17/2022,lacus morbi sem mauris laoreet ut,104
502,2/5/2022,lectus pellentesque eget nunc donec quis orci eget orci vehicula condimentum curabitur in libero ut massa volutpat convallis morbi odio,68
503,10/10/2022,dictumst aliquam augue quam sollicitudin vitae consectetuer,62
504,4/1/2022,dolor quis odio consequat varius integer ac leo pellentesque ultrices,18
505,11/1/2022,tempor convallis nulla neque libero convallis eget eleifend luctus ultricies eu nibh quisque id,58
506,6/29/2022,non mi integer ac neque duis,88
507,9/30/2022,odio in hac habitasse platea dictumst maecenas ut massa quis augue luctus tincidunt nulla,149
508,3/21/2022,mi pede malesuada in imperdiet et commodo vulputate justo in blandit ultrices enim lorem ipsum dolor sit amet consectetuer adipiscing,39
509,9/12/2022,primis in faucibus orci luctus et,165
510,10/16/2022,quis augue luctus tincidunt nulla mollis molestie lorem quisque ut erat curabitur gravida,135
511,4/24/2022,odio donec vitae nisi nam ultrices libero non mattis pulvinar nulla pede,162
512,10/8/2022,mi sit amet lobortis sapien sapien,118
513,7/27/2022,eu est congue elementum in hac habitasse platea,199
514,12/3/2022,sollicitudin vitae consectetuer eget rutrum at lorem integer tincidunt ante vel ipsum praesent,143
515,12/4/2022,ultrices posuere cubilia curae donec pharetra magna,178
516,4/19/2022,congue vivamus metus arcu adipiscing molestie hendrerit at vulputate vitae nisl aenean lectus,154
517,1/3/2023,primis in faucibus orci luctus et ultrices posuere cubilia curae mauris viverra diam vitae quam suspendisse,134
518,3/1/2022,varius ut blandit non interdum,19
519,9/17/2022,amet eros suspendisse accumsan tortor quis turpis sed ante vivamus,182
520,10/21/2022,justo maecenas rhoncus aliquam lacus morbi quis tortor id nulla ultrices,166
521,6/22/2022,augue vestibulum rutrum rutrum neque aenean auctor gravida sem praesent id massa id nisl venenatis lacinia aenean sit amet,5
522,1/10/2023,lorem ipsum dolor sit amet,163
523,8/2/2022,rutrum nulla tellus in sagittis dui vel nisl duis ac nibh fusce lacus purus,67
524,9/16/2022,etiam justo etiam pretium,145
525,8/27/2022,dui proin leo odio porttitor,57
526,7/9/2022,in hac habitasse platea dictumst aliquam augue quam sollicitudin,92
527,9/27/2022,risus praesent lectus vestibulum quam sapien varius ut,103
528,8/13/2022,justo lacinia eget tincidunt eget tempus vel pede morbi porttitor lorem id ligula suspendisse,69
529,12/8/2022,venenatis tristique fusce congue diam id ornare imperdiet sapien urna pretium nisl ut volutpat sapien arcu sed augue,82
530,4/19/2022,sapien dignissim vestibulum vestibulum ante ipsum primis in faucibus orci luctus et ultrices posuere cubilia,107
531,9/4/2022,sapien cursus vestibulum proin eu mi nulla ac enim in tempor,39
532,9/21/2022,elit ac nulla sed vel enim sit amet nunc viverra dapibus,44
533,4/8/2022,id luctus nec molestie sed justo pellentesque viverra pede ac diam cras pellentesque volutpat dui maecenas tristique est et tempus,84
534,3/2/2022,magna vulputate luctus cum sociis,115
535,6/18/2022,consectetuer adipiscing elit proin risus praesent lectus vestibulum quam sapien,82
536,4/11/2022,faucibus accumsan odio curabitur convallis duis consequat dui nec,141
537,12/8/2022,montes nascetur ridiculus mus vivamus vestibulum sagittis sapien cum sociis natoque penatibus et,120
538,6/14/2022,vel lectus in quam fringilla rhoncus mauris enim leo rhoncus sed vestibulum sit amet cursus id turpis,28
539,4/23/2022,habitasse platea dictumst maecenas ut massa quis augue luctus tincidunt nulla mollis molestie lorem quisque ut,13
540,2/27/2022,sapien placerat ante nulla justo aliquam quis turpis eget elit sodales scelerisque mauris sit amet,129
541,3/25/2022,dignissim vestibulum vestibulum ante ipsum primis in faucibus orci luctus et,139
542,9/18/2022,dictumst etiam faucibus cursus urna ut tellus nulla ut erat,164
543,1/30/2022,interdum mauris ullamcorper purus sit amet nulla quisque arcu libero,103
544,7/8/2022,auctor sed tristique in tempus sit amet sem,47
545,7/28/2022,integer ac neque duis bibendum morbi non quam nec dui luctus rutrum nulla tellus in sagittis,167
546,3/23/2022,eros elementum pellentesque quisque porta volutpat erat,171
547,12/1/2022,scelerisque mauris sit amet eros suspendisse accumsan tortor quis turpis sed,35
548,4/22/2022,odio donec vitae nisi nam ultrices libero non mattis pulvinar nulla pede ullamcorper augue a suscipit nulla elit,157
549,7/10/2022,felis donec semper sapien a libero nam dui proin leo,99
550,9/7/2022,ut massa volutpat convallis morbi odio odio elementum eu interdum eu tincidunt,5
551,12/23/2022,luctus et ultrices posuere cubilia curae donec pharetra,176
552,6/8/2022,purus phasellus in felis donec,23
553,10/20/2022,fringilla rhoncus mauris enim leo rhoncus sed vestibulum sit amet cursus id turpis integer aliquet,130
554,8/15/2022,aenean lectus pellentesque eget nunc donec quis orci eget orci vehicula condimentum curabitur in,192
555,8/27/2022,vestibulum ante ipsum primis in,54
556,2/20/2022,id ornare imperdiet sapien urna pretium,82
557,4/19/2022,non mattis pulvinar nulla pede ullamcorper augue a suscipit nulla elit ac,110
558,5/31/2022,arcu adipiscing molestie hendrerit at vulputate vitae nisl aenean lectus pellentesque eget nunc donec,35
559,4/7/2022,potenti nullam porttitor lacus at turpis donec posuere,36
560,7/8/2022,in porttitor pede justo eu massa,62
561,11/30/2022,elit sodales scelerisque mauris sit amet eros suspendisse accumsan tortor quis turpis sed ante vivamus tortor duis mattis,112
562,9/20/2022,vulputate luctus cum sociis natoque penatibus et magnis dis parturient montes nascetur ridiculus mus vivamus vestibulum sagittis,166
563,8/5/2022,elit ac nulla sed vel enim sit amet nunc,86
564,5/1/2022,morbi ut odio cras mi pede malesuada,69
565,10/16/2022,orci eget orci vehicula condimentum curabitur in libero ut massa volutpat convallis morbi odio odio elementum eu interdum eu tincidunt,104
566,12/20/2022,in felis eu sapien cursus vestibulum proin eu mi nulla ac enim in,198
567,12/29/2022,nec euismod scelerisque quam turpis adipiscing lorem vitae mattis nibh ligula nec sem duis aliquam convallis nunc,9
568,9/18/2022,nulla integer pede justo lacinia,192
569,7/20/2022,imperdiet sapien urna pretium nisl ut volutpat sapien arcu sed,21
570,9/22/2022,nisl aenean lectus pellentesque eget nunc donec quis orci eget orci vehicula condimentum curabitur in libero ut massa volutpat,31
571,7/13/2022,sapien varius ut blandit non interdum in ante,198
572,10/14/2022,nunc vestibulum ante ipsum primis in faucibus orci,129
573,3/9/2022,vestibulum vestibulum ante ipsum primis in faucibus,160
574,12/22/2022,etiam pretium iaculis justo in,200
575,2/24/2022,velit donec diam neque vestibulum eget vulputate ut ultrices vel augue vestibulum ante ipsum primis in faucibus orci luctus,37
576,2/28/2022,quam sollicitudin vitae consectetuer eget rutrum at lorem integer tincidunt ante vel ipsum praesent blandit lacinia,59
577,11/28/2022,vestibulum velit id pretium iaculis diam erat fermentum justo nec,117
578,8/11/2022,at turpis a pede posuere nonummy,163
579,2/22/2022,quam fringilla rhoncus mauris enim leo rhoncus sed,187
580,7/8/2022,dolor sit amet consectetuer adipiscing,128
581,1/29/2022,justo aliquam quis turpis eget elit sodales scelerisque mauris sit amet eros suspendisse accumsan tortor quis turpis sed,83
582,3/4/2022,imperdiet nullam orci pede venenatis non sodales sed tincidunt eu felis,80
583,5/16/2022,vitae nisl aenean lectus pellentesque eget nunc donec,171
584,11/13/2022,orci nullam molestie nibh in lectus pellentesque at nulla suspendisse potenti cras in purus eu magna vulputate,197
585,7/6/2022,ipsum primis in faucibus orci luctus et,1
586,7/27/2022,morbi sem mauris laoreet ut rhoncus aliquet pulvinar sed,44
587,11/20/2022,non pretium quis lectus suspendisse potenti in eleifend quam a odio in hac habitasse platea,141
588,12/15/2022,nunc rhoncus dui vel sem,200
589,1/12/2023,ante ipsum primis in faucibus orci luctus et ultrices posuere cubilia,3
590,1/5/2023,turpis sed ante vivamus tortor duis mattis egestas metus aenean fermentum,60
591,3/18/2022,morbi quis tortor id nulla ultrices aliquet maecenas leo odio condimentum id luctus nec,75
592,12/27/2022,leo pellentesque ultrices mattis odio donec vitae nisi nam ultrices libero non mattis pulvinar,106
593,8/9/2022,eros viverra eget congue eget semper rutrum nulla nunc purus phasellus in felis donec semper sapien a libero nam,93
594,6/18/2022,enim in tempor turpis nec,1
595,4/21/2022,integer ac neque duis bibendum morbi non quam nec dui luctus rutrum nulla tellus in sagittis dui vel nisl duis,79
596,2/17/2022,bibendum felis sed interdum venenatis turpis enim,2
597,9/12/2022,augue vestibulum rutrum rutrum neque aenean auctor gravida sem praesent id massa,176
598,4/28/2022,elementum pellentesque quisque porta volutpat,92
599,12/27/2022,congue elementum in hac,137
600,10/11/2022,ut erat id mauris vulputate elementum nullam varius nulla facilisi cras non velit nec nisi vulputate nonummy maecenas tincidunt,22
601,10/3/2022,nulla neque libero convallis eget eleifend luctus ultricies eu nibh quisque id justo sit amet sapien,65
602,6/3/2022,id ornare imperdiet sapien urna pretium nisl ut volutpat sapien arcu sed augue aliquam erat,134
603,7/9/2022,parturient montes nascetur ridiculus mus etiam vel augue vestibulum rutrum rutrum neque aenean auctor gravida sem praesent id massa,174
604,8/18/2022,orci luctus et ultrices posuere cubilia curae duis faucibus,93
605,5/2/2022,est congue elementum in,41
606,5/26/2022,imperdiet sapien urna pretium,65
607,12/31/2022,blandit mi in porttitor pede justo eu massa donec,33
608,8/24/2022,consequat nulla nisl nunc nisl duis bibendum felis sed interdum,87
609,9/3/2022,non velit donec diam neque vestibulum eget vulputate ut ultrices vel augue vestibulum ante ipsum primis in faucibus orci luctus,71
610,12/26/2022,nunc purus phasellus in felis donec semper sapien a libero nam dui proin leo odio,84
611,4/17/2022,mattis odio donec vitae nisi nam ultrices libero non,178
612,4/28/2022,vitae quam suspendisse potenti nullam porttitor,13
613,11/16/2022,sagittis sapien cum sociis natoque penatibus et magnis dis parturient montes nascetur,199
614,2/23/2022,morbi porttitor lorem id ligula suspendisse ornare consequat lectus in est,96
615,7/23/2022,ut suscipit a feugiat et eros vestibulum ac est lacinia nisi venenatis tristique fusce congue diam id ornare imperdiet sapien,70
616,6/9/2022,accumsan tortor quis turpis sed ante vivamus tortor duis mattis,73
617,4/21/2022,amet diam in magna bibendum imperdiet nullam orci pede venenatis non sodales sed tincidunt eu felis fusce posuere felis sed,133
618,7/11/2022,primis in faucibus orci luctus et ultrices posuere,100
619,5/15/2022,bibendum morbi non quam nec dui luctus rutrum nulla tellus in sagittis dui vel nisl duis ac nibh,44
620,11/8/2022,vel enim sit amet nunc viverra dapibus nulla suscipit ligula in lacus curabitur at ipsum ac,3
621,9/10/2022,quisque porta volutpat erat quisque erat eros viverra eget congue eget,187
622,9/21/2022,velit eu est congue elementum in,65
623,4/18/2022,parturient montes nascetur ridiculus mus vivamus vestibulum sagittis sapien cum sociis natoque penatibus,180
624,2/20/2022,phasellus sit amet erat nulla,73
625,7/5/2022,curae donec pharetra magna vestibulum aliquet ultrices erat tortor,160
626,1/9/2023,ut erat curabitur gravida nisi at nibh in hac habitasse platea dictumst aliquam augue quam sollicitudin vitae consectetuer eget,170
627,9/8/2022,nulla tempus vivamus in felis eu sapien cursus vestibulum proin eu mi nulla ac enim in tempor turpis nec,140
628,1/20/2023,eros viverra eget congue eget semper rutrum nulla nunc purus phasellus in felis donec semper sapien a libero,123
629,8/28/2022,tincidunt nulla mollis molestie lorem quisque ut erat curabitur gravida nisi at nibh in hac,42
630,11/14/2022,est lacinia nisi venenatis tristique fusce congue diam id ornare imperdiet sapien urna pretium nisl ut volutpat,63
631,1/29/2022,nulla pede ullamcorper augue a suscipit nulla elit ac,90
632,11/28/2022,cubilia curae mauris viverra diam vitae,67
633,5/5/2022,eu nibh quisque id justo sit amet sapien,85
634,9/11/2022,ac consequat metus sapien ut,54
635,3/9/2022,nec nisi volutpat eleifend donec ut dolor morbi vel lectus in quam fringilla rhoncus mauris enim leo,112
636,4/19/2022,in imperdiet et commodo vulputate justo in blandit ultrices enim,44
637,10/6/2022,ridiculus mus vivamus vestibulum sagittis sapien,16
638,3/16/2022,duis ac nibh fusce lacus purus aliquet at feugiat non pretium quis lectus suspendisse potenti in eleifend,107
639,3/19/2022,ultrices enim lorem ipsum dolor sit amet consectetuer adipiscing elit proin interdum mauris non ligula pellentesque,64
640,8/16/2022,vestibulum aliquet ultrices erat tortor sollicitudin mi sit amet lobortis sapien sapien non mi integer ac neque duis bibendum morbi,47
641,2/15/2022,pede morbi porttitor lorem id ligula suspendisse ornare consequat,98
642,8/1/2022,sem duis aliquam convallis nunc proin at turpis a pede posuere nonummy,170
643,8/3/2022,eu nibh quisque id justo sit amet sapien dignissim vestibulum vestibulum ante ipsum,104
644,11/18/2022,ultricies eu nibh quisque id justo sit amet sapien dignissim vestibulum vestibulum ante ipsum,192
645,9/3/2022,eu magna vulputate luctus cum sociis natoque penatibus et magnis,110
646,9/8/2022,ultrices enim lorem ipsum dolor sit amet consectetuer adipiscing elit proin interdum,87
647,3/15/2022,duis aliquam convallis nunc proin at turpis a pede posuere nonummy integer non velit donec diam neque,1
648,7/26/2022,nullam porttitor lacus at turpis donec posuere metus vitae ipsum aliquam non mauris,46
649,12/5/2022,fusce consequat nulla nisl nunc nisl duis bibendum felis sed interdum venenatis turpis,94
650,10/7/2022,lacinia erat vestibulum sed magna,185
651,12/9/2022,natoque penatibus et magnis dis parturient montes nascetur ridiculus mus,19
652,9/30/2022,at ipsum ac tellus semper interdum mauris ullamcorper purus sit amet nulla quisque,105
653,10/22/2022,dapibus duis at velit eu est congue elementum in,48
654,3/30/2022,augue luctus tincidunt nulla mollis molestie lorem quisque ut erat curabitur gravida nisi at nibh in hac habitasse platea dictumst,72
655,1/22/2023,velit eu est congue elementum,153
656,12/7/2022,tristique in tempus sit amet sem fusce consequat nulla nisl nunc nisl duis bibendum felis sed interdum,169
657,4/3/2022,quis augue luctus tincidunt nulla mollis molestie lorem quisque ut erat curabitur gravida nisi at,145
658,2/20/2022,posuere metus vitae ipsum aliquam non,166
659,1/1/2023,volutpat convallis morbi odio odio elementum eu interdum eu tincidunt in leo maecenas pulvinar lobortis est phasellus sit amet erat,54
660,3/19/2022,nisi volutpat eleifend donec ut dolor morbi vel lectus in quam fringilla rhoncus mauris enim leo rhoncus sed,15
661,11/11/2022,iaculis congue vivamus metus arcu adipiscing molestie hendrerit at vulputate vitae nisl aenean lectus pellentesque,185
662,7/29/2022,convallis duis consequat dui nec nisi volutpat eleifend donec ut dolor morbi,121
663,10/22/2022,vestibulum velit id pretium iaculis diam,85
664,5/21/2022,faucibus orci luctus et ultrices posuere cubilia curae mauris viverra diam vitae quam suspendisse potenti,82
665,11/24/2022,interdum mauris non ligula pellentesque ultrices phasellus id sapien in sapien iaculis congue,113
666,10/11/2022,ante ipsum primis in faucibus orci luctus et ultrices posuere cubilia curae duis faucibus accumsan odio,165
667,10/10/2022,venenatis turpis enim blandit mi,146
668,10/4/2022,augue luctus tincidunt nulla mollis molestie lorem quisque ut erat curabitur gravida nisi,114
669,6/15/2022,varius integer ac leo pellentesque ultrices,43
670,9/16/2022,augue vestibulum rutrum rutrum neque aenean auctor gravida sem,73
671,12/11/2022,sed lacus morbi sem mauris laoreet ut rhoncus aliquet pulvinar sed nisl nunc rhoncus dui vel,149
672,2/28/2022,porttitor pede justo eu massa donec dapibus duis at velit eu est congue elementum in hac habitasse platea,172
673,5/28/2022,lectus pellentesque at nulla suspendisse potenti cras in purus eu magna vulputate luctus cum,46
674,2/27/2022,eget vulputate ut ultrices vel augue vestibulum ante ipsum primis,154
675,7/9/2022,enim sit amet nunc viverra dapibus nulla suscipit ligula in lacus curabitur at,91
676,11/5/2022,libero quis orci nullam molestie nibh in lectus pellentesque at nulla suspendisse potenti cras in purus eu magna vulputate luctus,140
677,7/7/2022,fusce consequat nulla nisl nunc nisl duis bibendum felis sed interdum venenatis turpis enim blandit mi in porttitor pede,75
678,11/6/2022,leo pellentesque ultrices mattis odio donec vitae nisi nam ultrices libero non mattis pulvinar,14
679,11/12/2022,vestibulum velit id pretium iaculis diam erat fermentum justo nec condimentum neque,25
680,8/16/2022,blandit ultrices enim lorem ipsum dolor sit,27
681,1/15/2023,id ornare imperdiet sapien urna pretium nisl ut volutpat,184
682,1/23/2023,consectetuer eget rutrum at lorem integer tincidunt ante vel ipsum praesent blandit lacinia erat,176
683,9/10/2022,sed tristique in tempus sit amet sem fusce consequat nulla nisl nunc nisl duis bibendum felis sed interdum venenatis,24
684,10/7/2022,quam nec dui luctus rutrum nulla tellus in sagittis dui vel nisl duis ac nibh fusce lacus,141
685,3/30/2022,eu interdum eu tincidunt in,69
686,1/8/2023,pulvinar lobortis est phasellus sit amet erat nulla tempus,31
687,5/15/2022,rhoncus sed vestibulum sit amet cursus id turpis integer aliquet massa id lobortis convallis,139
688,9/9/2022,duis consequat dui nec nisi volutpat eleifend donec ut dolor morbi vel lectus,108
689,7/14/2022,vulputate ut ultrices vel augue vestibulum ante ipsum primis,151
690,7/30/2022,nunc nisl duis bibendum felis sed interdum venenatis turpis,110
691,9/30/2022,donec posuere metus vitae ipsum aliquam non mauris morbi non lectus aliquam sit amet diam in magna bibendum imperdiet,26
692,3/10/2022,ante vel ipsum praesent blandit lacinia erat vestibulum sed magna at nunc commodo placerat praesent blandit nam nulla integer pede,154
693,7/23/2022,posuere nonummy integer non velit donec diam neque vestibulum eget vulputate,28
694,10/22/2022,curae donec pharetra magna vestibulum,198
695,7/7/2022,pretium nisl ut volutpat sapien arcu sed augue aliquam erat volutpat,133
696,2/20/2022,ac lobortis vel dapibus at diam nam tristique tortor eu,144
697,5/30/2022,est et tempus semper est quam pharetra magna ac,36
698,6/2/2022,vehicula condimentum curabitur in libero ut massa volutpat convallis morbi odio odio elementum eu interdum eu,34
699,4/24/2022,non mi integer ac,133
700,9/27/2022,consectetuer adipiscing elit proin risus praesent lectus vestibulum quam sapien,51
701,10/5/2022,pede ac diam cras pellentesque volutpat dui maecenas tristique est et tempus semper est quam pharetra magna ac consequat,147
702,8/20/2022,amet justo morbi ut odio cras,89
703,4/5/2022,odio elementum eu interdum,188
704,6/5/2022,dictumst morbi vestibulum velit id pretium iaculis diam erat fermentum justo nec,64
705,12/22/2022,a ipsum integer a nibh in quis justo maecenas rhoncus aliquam lacus morbi quis tortor id nulla ultrices aliquet,175
706,3/24/2022,lacinia eget tincidunt eget tempus vel pede morbi porttitor lorem id ligula suspendisse ornare consequat lectus,17
707,5/23/2022,a odio in hac,167
708,12/12/2022,proin eu mi nulla ac enim in tempor turpis,97
709,9/22/2022,massa donec dapibus duis at velit eu,139
710,3/24/2022,nulla nisl nunc nisl duis bibendum felis,164
711,1/19/2023,nibh in quis justo maecenas rhoncus aliquam lacus morbi quis tortor id nulla ultrices aliquet,136
712,11/4/2022,vulputate justo in blandit ultrices enim lorem ipsum dolor sit amet consectetuer adipiscing elit proin,23
713,3/17/2022,tempor convallis nulla neque libero convallis eget eleifend luctus ultricies eu nibh quisque id justo sit amet sapien dignissim vestibulum,4
714,10/27/2022,sodales sed tincidunt eu felis fusce,112
715,7/2/2022,libero rutrum ac lobortis vel dapibus at diam nam tristique tortor eu pede,40
716,8/15/2022,tortor id nulla ultrices aliquet maecenas leo odio condimentum id luctus nec molestie sed justo pellentesque,183
717,5/31/2022,aliquet ultrices erat tortor sollicitudin mi sit amet lobortis sapien sapien non,151
718,5/7/2022,blandit nam nulla integer pede justo lacinia eget tincidunt eget tempus vel pede,167
719,9/29/2022,gravida nisi at nibh in hac habitasse platea dictumst aliquam augue quam,151
720,8/4/2022,ut mauris eget massa tempor convallis nulla neque libero convallis eget eleifend luctus,77
721,11/30/2022,integer tincidunt ante vel ipsum praesent blandit lacinia erat vestibulum sed,43
722,9/12/2022,commodo placerat praesent blandit nam nulla integer pede justo lacinia eget tincidunt eget tempus vel pede morbi porttitor lorem id,44
723,7/25/2022,aliquam lacus morbi quis,73
724,11/27/2022,lectus in est risus auctor sed tristique in tempus sit amet sem fusce,66
725,6/27/2022,pede posuere nonummy integer non velit donec diam neque vestibulum eget vulputate ut ultrices vel augue vestibulum ante ipsum,149
726,12/11/2022,tellus semper interdum mauris ullamcorper purus sit,62
727,11/23/2022,viverra eget congue eget semper rutrum nulla nunc purus,16
728,12/2/2022,cras non velit nec nisi vulputate,155
729,3/5/2022,tempor turpis nec euismod scelerisque quam turpis adipiscing lorem vitae mattis nibh ligula,31
730,7/17/2022,at nunc commodo placerat praesent blandit nam nulla integer pede justo lacinia eget tincidunt eget tempus vel pede,96
731,6/5/2022,eget rutrum at lorem integer tincidunt ante vel ipsum praesent blandit lacinia erat vestibulum,6
732,8/16/2022,sem sed sagittis nam congue risus semper porta volutpat quam pede lobortis ligula sit amet eleifend,172
733,10/25/2022,tellus nisi eu orci mauris lacinia sapien quis libero,114
734,8/7/2022,vel enim sit amet nunc viverra,121
735,2/13/2022,ut nunc vestibulum ante ipsum primis in faucibus,181
736,1/14/2023,porttitor lorem id ligula suspendisse,148
737,11/11/2022,rhoncus mauris enim leo rhoncus sed vestibulum sit amet cursus id turpis integer aliquet massa id lobortis,125
738,5/7/2022,neque duis bibendum morbi non quam nec dui luctus rutrum nulla tellus in sagittis dui vel nisl duis ac,170
739,10/6/2022,sit amet nunc viverra dapibus nulla suscipit ligula in lacus curabitur at ipsum ac tellus semper interdum mauris,21
740,12/21/2022,aenean lectus pellentesque eget nunc donec quis orci eget orci vehicula condimentum curabitur,186
741,1/23/2023,purus aliquet at feugiat non pretium quis lectus,118
742,5/7/2022,ullamcorper purus sit amet nulla quisque arcu libero rutrum ac lobortis,107
743,12/10/2022,convallis tortor risus dapibus augue vel accumsan tellus nisi eu orci mauris lacinia sapien quis libero nullam sit,58
744,4/25/2022,in faucibus orci luctus et,97
745,8/26/2022,morbi non quam nec dui luctus rutrum nulla tellus in sagittis dui vel nisl,167
746,12/25/2022,felis sed lacus morbi sem mauris laoreet ut rhoncus aliquet pulvinar sed,163
747,12/2/2022,aenean sit amet justo morbi ut odio cras mi,165
748,7/19/2022,sollicitudin vitae consectetuer eget rutrum at lorem integer tincidunt ante,155
749,8/16/2022,amet consectetuer adipiscing elit proin risus praesent lectus vestibulum quam sapien varius ut,184
750,3/27/2022,ut erat id mauris vulputate elementum,45
751,5/15/2022,est lacinia nisi venenatis tristique fusce congue,181
752,11/6/2022,ut erat curabitur gravida nisi at nibh in hac habitasse platea,119
753,8/3/2022,quam sapien varius ut blandit non interdum in ante vestibulum ante ipsum primis in faucibus,104
754,10/23/2022,in tempus sit amet sem fusce consequat nulla nisl nunc nisl,68
755,2/12/2022,congue vivamus metus arcu adipiscing molestie hendrerit at vulputate vitae nisl aenean lectus pellentesque eget nunc donec,53
756,3/22/2022,ac lobortis vel dapibus at diam nam tristique tortor eu,130
757,7/7/2022,vestibulum velit id pretium iaculis diam erat fermentum,42
758,4/3/2022,vestibulum velit id pretium iaculis diam erat fermentum justo,136
759,7/23/2022,sed sagittis nam congue risus semper porta volutpat quam pede lobortis ligula sit amet,66
760,5/6/2022,nisl duis bibendum felis sed interdum venenatis turpis,43
761,3/29/2022,aliquet ultrices erat tortor sollicitudin mi sit,101
762,9/29/2022,at vulputate vitae nisl,123
763,11/13/2022,ac leo pellentesque ultrices mattis odio donec vitae nisi nam ultrices,47
764,9/7/2022,blandit ultrices enim lorem ipsum dolor sit amet consectetuer adipiscing elit proin interdum mauris non ligula pellentesque,199
765,4/8/2022,dis parturient montes nascetur ridiculus mus etiam vel augue vestibulum,87
766,2/21/2022,luctus et ultrices posuere cubilia,154
767,12/1/2022,magna bibendum imperdiet nullam orci pede venenatis non sodales sed tincidunt eu felis fusce posuere felis sed lacus,141
768,1/27/2022,ut dolor morbi vel lectus in quam fringilla rhoncus mauris enim leo rhoncus sed vestibulum sit amet cursus,155
769,2/15/2022,ipsum primis in faucibus orci luctus et ultrices posuere cubilia curae nulla dapibus dolor vel est donec,187
770,10/1/2022,vestibulum eget vulputate ut ultrices vel augue vestibulum ante ipsum primis in faucibus orci luctus,16
771,7/6/2022,felis fusce posuere felis sed lacus morbi sem mauris,173
772,3/8/2022,pellentesque ultrices phasellus id sapien in sapien iaculis congue vivamus metus arcu adipiscing molestie hendrerit at vulputate vitae nisl aenean,159
773,4/27/2022,massa quis augue luctus tincidunt nulla mollis molestie lorem quisque ut erat curabitur gravida nisi at nibh in,199
774,7/28/2022,morbi quis tortor id nulla ultrices aliquet maecenas leo odio condimentum id luctus nec molestie sed justo pellentesque,109
775,6/22/2022,donec odio justo sollicitudin,32
776,9/18/2022,tellus nisi eu orci mauris lacinia sapien quis libero nullam,71
777,3/28/2022,habitasse platea dictumst aliquam augue quam sollicitudin vitae consectetuer,94
778,1/7/2023,blandit nam nulla integer pede justo lacinia eget tincidunt eget tempus,137
779,8/6/2022,in quis justo maecenas rhoncus aliquam lacus,156
780,4/7/2022,ornare consequat lectus in est,151
781,4/22/2022,erat tortor sollicitudin mi sit amet lobortis sapien sapien non mi integer ac neque duis bibendum morbi non quam nec,71
782,4/12/2022,massa quis augue luctus tincidunt nulla mollis molestie lorem,56
783,1/27/2022,velit eu est congue elementum in hac habitasse platea dictumst morbi vestibulum velit id pretium iaculis,42
784,10/12/2022,ut massa quis augue luctus tincidunt nulla,64
785,10/5/2022,morbi vestibulum velit id pretium iaculis diam erat fermentum justo,131
786,3/25/2022,turpis elementum ligula vehicula consequat morbi a ipsum integer a nibh in,65
787,7/8/2022,morbi non lectus aliquam sit amet diam in magna bibendum imperdiet nullam orci,174
788,3/30/2022,eleifend quam a odio in hac,195
789,1/8/2023,fusce posuere felis sed lacus morbi sem mauris laoreet ut rhoncus,53
790,8/6/2022,magnis dis parturient montes nascetur ridiculus mus,184
791,1/22/2023,rutrum nulla nunc purus,79
792,11/10/2022,nulla ac enim in tempor turpis nec euismod scelerisque quam turpis adipiscing lorem vitae,1
793,5/26/2022,sem sed sagittis nam congue risus semper,62
794,3/17/2022,luctus nec molestie sed justo pellentesque viverra pede ac diam cras pellentesque,165
795,5/17/2022,lacus purus aliquet at feugiat non pretium quis lectus suspendisse potenti in,66
796,3/11/2022,lobortis sapien sapien non mi integer ac neque duis,170
797,7/15/2022,sociis natoque penatibus et magnis,82
798,4/24/2022,donec vitae nisi nam ultrices libero non mattis pulvinar nulla pede ullamcorper augue a suscipit,151
799,9/4/2022,turpis a pede posuere nonummy integer non velit donec diam neque vestibulum eget,32
800,7/7/2022,odio odio elementum eu interdum eu tincidunt in leo maecenas pulvinar lobortis est phasellus sit amet erat nulla tempus vivamus,75
801,12/10/2022,amet sapien dignissim vestibulum vestibulum ante ipsum primis in faucibus orci luctus et ultrices posuere cubilia,155
802,2/27/2022,dapibus duis at velit eu est congue elementum in,126
803,8/7/2022,consequat nulla nisl nunc nisl duis bibendum felis sed interdum venenatis,118
804,4/29/2022,amet justo morbi ut,6
805,5/24/2022,in lacus curabitur at ipsum ac tellus semper interdum mauris ullamcorper purus,46
806,8/25/2022,congue vivamus metus arcu adipiscing molestie hendrerit at vulputate vitae nisl aenean lectus pellentesque eget,31
807,4/9/2022,augue vestibulum rutrum rutrum neque aenean auctor gravida sem praesent,89
808,3/14/2022,scelerisque mauris sit amet eros suspendisse accumsan tortor quis,143
809,5/23/2022,in felis donec semper sapien,105
810,12/7/2022,suspendisse accumsan tortor quis turpis sed ante vivamus tortor duis mattis egestas metus aenean fermentum donec ut mauris eget massa,76
811,9/18/2022,mauris viverra diam vitae quam suspendisse potenti,76
812,12/30/2022,sapien sapien non mi integer,160
813,7/2/2022,at diam nam tristique tortor eu,61
814,9/13/2022,donec dapibus duis at velit eu est congue elementum in hac habitasse platea dictumst morbi,19
815,7/7/2022,morbi sem mauris laoreet ut rhoncus aliquet,51
816,1/17/2023,in consequat ut nulla sed accumsan felis ut,132
817,5/28/2022,dui nec nisi volutpat eleifend donec ut dolor morbi vel lectus in quam fringilla rhoncus,60
818,8/10/2022,integer aliquet massa id lobortis convallis tortor risus dapibus augue vel,136
819,9/17/2022,ultrices vel augue vestibulum ante ipsum primis in faucibus orci luctus et ultrices,97
820,8/23/2022,nam ultrices libero non mattis pulvinar nulla pede ullamcorper augue a suscipit,52
821,4/30/2022,orci vehicula condimentum curabitur in,122
822,5/29/2022,odio in hac habitasse platea dictumst maecenas ut massa quis augue,62
823,6/18/2022,velit eu est congue elementum in hac habitasse platea dictumst,83
824,1/1/2023,aenean fermentum donec ut mauris eget massa tempor convallis nulla neque libero convallis eget eleifend luctus ultricies eu nibh,182
825,5/17/2022,mattis egestas metus aenean fermentum donec ut mauris eget massa tempor convallis nulla neque,157
826,12/17/2022,varius nulla facilisi cras non velit nec nisi vulputate,91
827,12/25/2022,aliquam non mauris morbi non lectus aliquam sit amet diam in magna bibendum imperdiet nullam orci pede venenatis,123
828,1/11/2023,mauris ullamcorper purus sit amet nulla quisque arcu libero rutrum,77
829,3/25/2022,tristique fusce congue diam id ornare imperdiet sapien urna pretium nisl ut volutpat sapien arcu sed augue aliquam erat volutpat,28
830,1/16/2023,id massa id nisl venenatis lacinia aenean sit amet justo morbi ut odio cras,154
831,12/17/2022,integer ac neque duis bibendum morbi non,172
832,7/9/2022,integer pede justo lacinia eget tincidunt eget tempus vel pede morbi porttitor lorem id ligula,139
833,1/25/2023,sed tristique in tempus sit amet sem fusce consequat nulla nisl,178
834,4/12/2022,a libero nam dui proin leo odio porttitor id consequat in consequat ut nulla sed accumsan felis,36
835,5/11/2022,pede malesuada in imperdiet et commodo vulputate justo in,40
836,5/3/2022,massa volutpat convallis morbi odio odio elementum eu interdum eu tincidunt in leo maecenas pulvinar lobortis est,21
837,12/24/2022,a odio in hac habitasse platea dictumst maecenas ut massa,102
838,3/7/2022,laoreet ut rhoncus aliquet pulvinar sed nisl nunc rhoncus dui vel,110
839,12/17/2022,at nunc commodo placerat praesent blandit nam nulla integer pede justo lacinia eget tincidunt eget tempus vel pede morbi porttitor,149
840,12/19/2022,platea dictumst morbi vestibulum velit id pretium iaculis diam erat fermentum justo nec condimentum neque sapien placerat ante nulla,19
841,4/9/2022,maecenas ut massa quis augue luctus,146
842,9/1/2022,cubilia curae duis faucibus accumsan,153
843,1/17/2023,sit amet consectetuer adipiscing elit proin interdum mauris non ligula pellentesque ultrices phasellus id sapien,29
844,10/29/2022,nullam sit amet turpis elementum ligula vehicula consequat morbi a ipsum integer a nibh in quis justo maecenas rhoncus aliquam,17
845,10/24/2022,vel nulla eget eros elementum pellentesque quisque porta volutpat erat quisque erat eros viverra,31
846,10/1/2022,justo etiam pretium iaculis justo in hac habitasse platea,93
847,7/16/2022,tellus nulla ut erat id mauris vulputate elementum nullam varius nulla facilisi,199
848,10/24/2022,vitae mattis nibh ligula nec sem duis aliquam convallis nunc proin at turpis,129
849,9/16/2022,ipsum dolor sit amet consectetuer adipiscing elit proin interdum mauris non ligula pellentesque ultrices phasellus id sapien in,156
850,7/7/2022,at velit vivamus vel nulla eget eros elementum pellentesque quisque porta volutpat,104
851,4/8/2022,ante nulla justo aliquam,69
852,2/23/2022,semper est quam pharetra magna,178
853,8/15/2022,varius ut blandit non interdum in ante vestibulum ante ipsum primis in faucibus,182
854,7/14/2022,bibendum felis sed interdum venenatis turpis enim blandit mi in porttitor pede justo eu massa donec dapibus,101
855,10/31/2022,fusce lacus purus aliquet at feugiat non pretium quis lectus suspendisse potenti in eleifend quam,60
856,2/9/2022,leo odio condimentum id luctus nec molestie,67
857,5/13/2022,amet erat nulla tempus,89
858,1/3/2023,cubilia curae donec pharetra magna vestibulum aliquet ultrices erat,105
859,1/24/2023,quam fringilla rhoncus mauris enim leo rhoncus sed vestibulum sit amet cursus,190
860,2/25/2022,justo in blandit ultrices enim lorem,42
861,7/6/2022,lacinia aenean sit amet justo,176
862,4/20/2022,augue vel accumsan tellus nisi eu orci mauris lacinia sapien quis libero nullam sit amet turpis,138
863,12/5/2022,quam sollicitudin vitae consectetuer eget rutrum at lorem integer tincidunt ante vel,55
864,5/13/2022,eget rutrum at lorem integer tincidunt ante vel ipsum praesent blandit lacinia erat vestibulum sed magna,10
865,9/11/2022,interdum mauris ullamcorper purus sit amet nulla quisque arcu libero rutrum,6
866,5/21/2022,quis odio consequat varius integer ac leo pellentesque ultrices mattis odio donec vitae nisi nam ultrices libero non mattis,166
867,2/3/2022,tortor id nulla ultrices aliquet maecenas leo odio condimentum,113
868,9/18/2022,integer tincidunt ante vel ipsum praesent blandit lacinia erat vestibulum sed magna at nunc commodo placerat praesent blandit nam,5
869,12/5/2022,eu tincidunt in leo maecenas pulvinar lobortis est phasellus sit,126
870,10/27/2022,luctus et ultrices posuere cubilia curae duis faucibus,148
871,4/16/2022,phasellus in felis donec semper sapien,171
872,7/8/2022,magna vulputate luctus cum sociis natoque penatibus et magnis dis parturient montes nascetur ridiculus mus vivamus vestibulum sagittis,133
873,11/15/2022,nulla sed accumsan felis ut at dolor quis odio consequat,77
874,7/10/2022,mattis pulvinar nulla pede ullamcorper augue a suscipit nulla elit ac nulla sed vel enim sit amet nunc,93
875,5/29/2022,sapien in sapien iaculis,26
876,11/27/2022,lorem ipsum dolor sit amet consectetuer adipiscing elit proin risus praesent lectus vestibulum quam,145
877,11/15/2022,in lacus curabitur at ipsum ac tellus,180
878,5/13/2022,semper est quam pharetra magna ac consequat metus sapien ut nunc vestibulum ante,45
879,12/29/2022,sollicitudin vitae consectetuer eget rutrum,51
880,5/16/2022,montes nascetur ridiculus mus vivamus vestibulum sagittis sapien cum,35
881,6/29/2022,malesuada in imperdiet et commodo vulputate justo in blandit ultrices enim lorem ipsum dolor sit amet consectetuer adipiscing elit proin,149
882,5/5/2022,non interdum in ante vestibulum ante ipsum primis in faucibus orci luctus et ultrices posuere cubilia curae duis faucibus accumsan,119
883,2/13/2022,nulla elit ac nulla sed vel enim sit amet nunc viverra dapibus nulla suscipit ligula in lacus curabitur at,165
884,9/27/2022,nulla justo aliquam quis turpis eget,107
885,8/2/2022,nunc proin at turpis a pede posuere,91
886,12/26/2022,in felis donec semper sapien a libero nam dui proin leo odio porttitor id consequat in consequat ut,65
887,6/20/2022,tempus sit amet sem fusce consequat nulla nisl nunc nisl duis bibendum felis sed interdum venenatis turpis enim blandit,42
888,1/27/2022,quam sollicitudin vitae consectetuer eget rutrum at lorem integer tincidunt ante vel ipsum praesent blandit lacinia erat,127
889,11/29/2022,tincidunt eget tempus vel pede morbi,88
890,7/31/2022,pellentesque viverra pede ac diam cras pellentesque volutpat dui maecenas tristique est et tempus semper,38
891,2/27/2022,lacus morbi quis tortor id nulla ultrices aliquet,5
892,8/23/2022,sit amet diam in magna bibendum imperdiet nullam orci pede venenatis non sodales sed tincidunt eu felis fusce posuere felis,176
893,11/11/2022,diam id ornare imperdiet sapien urna pretium nisl ut volutpat sapien arcu,124
894,7/21/2022,non mattis pulvinar nulla pede ullamcorper,40
895,12/19/2022,dapibus dolor vel est,45
896,9/7/2022,ultrices enim lorem ipsum dolor sit amet consectetuer adipiscing elit proin interdum,111
897,3/18/2022,dictumst etiam faucibus cursus urna ut tellus nulla ut erat id mauris vulputate elementum nullam varius nulla facilisi cras non,137
898,12/11/2022,eu est congue elementum in hac habitasse platea dictumst morbi vestibulum velit id pretium iaculis diam erat fermentum justo,23
899,3/15/2022,et ultrices posuere cubilia curae,192
900,3/17/2022,convallis duis consequat dui nec nisi volutpat eleifend donec ut dolor morbi vel lectus in quam fringilla rhoncus,46
901,1/4/2023,augue a suscipit nulla elit,107
902,1/31/2022,mattis egestas metus aenean fermentum donec,30
903,10/14/2022,volutpat eleifend donec ut dolor morbi vel lectus,65
904,12/14/2022,vitae mattis nibh ligula nec sem duis aliquam,88
905,6/28/2022,sed augue aliquam erat volutpat in congue etiam justo etiam pretium iaculis justo in hac habitasse,12
906,6/13/2022,convallis tortor risus dapibus augue vel accumsan tellus,191
907,5/26/2022,at turpis a pede posuere,140
908,4/17/2022,purus sit amet nulla quisque,118
909,4/22/2022,magna at nunc commodo placerat praesent blandit nam nulla integer pede justo lacinia,17
910,3/23/2022,egestas metus aenean fermentum donec ut mauris eget massa tempor convallis nulla neque libero convallis eget eleifend luctus,108
911,8/31/2022,nullam orci pede venenatis,65
912,6/26/2022,nulla elit ac nulla sed vel enim sit amet nunc viverra dapibus nulla suscipit ligula in,30
913,10/14/2022,tortor sollicitudin mi sit amet lobortis sapien sapien non mi integer ac neque duis bibendum morbi non,16
914,5/12/2022,tempus semper est quam pharetra magna ac consequat metus sapien ut nunc vestibulum ante ipsum primis in,45
915,12/26/2022,eget nunc donec quis orci eget orci vehicula condimentum curabitur in,181
916,12/3/2022,a pede posuere nonummy integer non velit donec diam neque vestibulum eget vulputate,75
917,5/25/2022,sed interdum venenatis turpis,121
918,8/28/2022,suspendisse potenti cras in purus,73
919,10/28/2022,platea dictumst aliquam augue quam sollicitudin vitae consectetuer eget rutrum at lorem integer tincidunt ante vel ipsum praesent blandit lacinia,90
920,2/10/2022,cum sociis natoque penatibus et,122
921,10/21/2022,tortor duis mattis egestas metus aenean fermentum donec ut mauris eget massa tempor convallis nulla neque libero convallis eget,127
922,3/3/2022,est phasellus sit amet erat nulla tempus vivamus in felis eu sapien cursus vestibulum proin eu mi nulla ac enim,146
923,11/23/2022,urna ut tellus nulla ut erat id mauris vulputate elementum nullam varius nulla facilisi cras non velit nec nisi,113
924,4/12/2022,id mauris vulputate elementum nullam varius nulla facilisi cras non velit,9
925,9/5/2022,convallis nunc proin at turpis a pede posuere nonummy integer,88
926,7/15/2022,in leo maecenas pulvinar lobortis est phasellus,69
927,4/15/2022,fusce lacus purus aliquet at feugiat non pretium quis lectus suspendisse potenti in eleifend quam a odio in,72
928,4/2/2022,elementum eu interdum eu tincidunt in leo maecenas pulvinar lobortis est phasellus sit amet erat nulla,151
929,1/20/2023,sapien arcu sed augue aliquam erat volutpat in congue etiam,94
930,11/28/2022,lorem ipsum dolor sit amet consectetuer adipiscing elit proin risus praesent lectus vestibulum quam sapien varius ut blandit non interdum,135
931,3/14/2022,accumsan tortor quis turpis sed ante vivamus tortor duis mattis egestas metus aenean fermentum donec ut mauris eget massa tempor,72
932,7/7/2022,aliquet massa id lobortis convallis tortor risus dapibus augue vel,95
933,9/5/2022,fermentum donec ut mauris eget massa tempor convallis nulla neque libero convallis eget eleifend luctus ultricies eu,51
934,3/23/2022,mauris non ligula pellentesque ultrices phasellus id,4
935,6/21/2022,non ligula pellentesque ultrices phasellus id sapien in sapien,159
936,2/6/2022,faucibus orci luctus et ultrices posuere cubilia curae mauris viverra diam vitae quam,158
937,4/14/2022,egestas metus aenean fermentum donec ut mauris eget massa tempor,124
938,8/13/2022,curabitur gravida nisi at nibh in,94
939,3/3/2022,nisl nunc nisl duis bibendum,105
940,9/9/2022,lacinia eget tincidunt eget tempus vel pede morbi porttitor lorem id ligula suspendisse ornare consequat,18
941,5/28/2022,porta volutpat erat quisque erat eros viverra eget congue eget semper rutrum nulla nunc,87
942,7/14/2022,pretium iaculis justo in hac habitasse platea dictumst etiam faucibus cursus urna ut tellus nulla ut erat id mauris,200
943,7/1/2022,felis sed interdum venenatis turpis enim blandit mi in porttitor pede justo,55
944,8/1/2022,in ante vestibulum ante ipsum primis,37
945,5/26/2022,nulla suscipit ligula in lacus curabitur at ipsum ac tellus semper interdum mauris ullamcorper purus sit amet nulla quisque,197
946,11/1/2022,natoque penatibus et magnis dis,106
947,1/23/2023,proin interdum mauris non ligula,168
948,7/17/2022,mus vivamus vestibulum sagittis sapien cum sociis natoque penatibus et magnis dis parturient montes,12
949,11/14/2022,urna pretium nisl ut volutpat sapien arcu sed augue aliquam,157
950,9/2/2022,mi nulla ac enim in tempor turpis nec euismod scelerisque quam turpis adipiscing lorem vitae mattis nibh ligula nec,55
951,7/1/2022,accumsan tellus nisi eu orci mauris lacinia,167
952,7/14/2022,vestibulum ante ipsum primis in faucibus orci luctus,84
953,5/5/2022,amet consectetuer adipiscing elit proin interdum mauris non ligula pellentesque ultrices phasellus id sapien in sapien iaculis,133
954,2/9/2022,odio donec vitae nisi nam ultrices libero non mattis pulvinar,1
955,7/1/2022,accumsan tellus nisi eu orci mauris lacinia sapien quis libero nullam sit amet turpis elementum ligula,19
956,9/4/2022,integer a nibh in quis justo,139
957,8/26/2022,consequat ut nulla sed accumsan felis ut at dolor quis odio,41
958,12/2/2022,tellus in sagittis dui vel nisl duis ac nibh fusce,185
959,7/14/2022,est phasellus sit amet erat nulla tempus vivamus in felis eu sapien cursus vestibulum proin eu mi,182
960,7/30/2022,amet eros suspendisse accumsan tortor quis turpis sed ante vivamus tortor duis mattis egestas metus aenean fermentum donec ut,123
961,2/11/2022,risus praesent lectus vestibulum quam sapien varius ut blandit non interdum in ante vestibulum,192
962,8/19/2022,amet consectetuer adipiscing elit proin risus praesent lectus vestibulum quam sapien varius,67
963,7/8/2022,proin eu mi nulla ac enim in tempor turpis nec euismod scelerisque quam,153
964,7/6/2022,pede posuere nonummy integer non velit donec diam neque vestibulum eget vulputate ut ultrices vel augue,185
965,10/3/2022,libero nam dui proin leo odio porttitor id consequat in consequat ut,157
966,12/18/2022,iaculis diam erat fermentum justo nec condimentum neque sapien placerat ante nulla justo aliquam quis turpis eget,81
967,7/23/2022,aliquam non mauris morbi non lectus aliquam sit amet diam in magna,21
968,12/31/2022,non mauris morbi non lectus,168
969,8/9/2022,ante ipsum primis in faucibus orci luctus et ultrices posuere cubilia curae mauris viverra diam vitae quam suspendisse,110
970,4/10/2022,et magnis dis parturient montes nascetur ridiculus mus etiam vel augue vestibulum rutrum rutrum neque aenean auctor gravida sem,168
971,4/17/2022,purus aliquet at feugiat non pretium quis lectus suspendisse potenti in eleifend quam,2
972,12/24/2022,turpis eget elit sodales scelerisque mauris sit amet eros,79
973,8/12/2022,vel nisl duis ac nibh fusce lacus,190
974,10/22/2022,quam sapien varius ut blandit non interdum in ante vestibulum ante ipsum primis,125
975,12/15/2022,nullam molestie nibh in lectus pellentesque at nulla,145
976,1/6/2023,vestibulum ante ipsum primis in faucibus orci luctus et ultrices posuere cubilia curae duis,12
977,3/30/2022,sodales scelerisque mauris sit amet eros suspendisse accumsan tortor quis turpis sed ante vivamus,55
978,1/14/2023,ut mauris eget massa tempor convallis nulla neque libero,1
979,2/21/2022,posuere cubilia curae donec pharetra magna vestibulum aliquet ultrices,184
980,9/27/2022,tincidunt lacus at velit vivamus vel nulla eget eros elementum pellentesque quisque porta volutpat erat quisque,126
981,4/23/2022,fusce posuere felis sed lacus morbi sem,153
982,5/26/2022,pede morbi porttitor lorem id ligula suspendisse ornare consequat lectus in est risus auctor sed tristique in,171
983,4/22/2022,nulla dapibus dolor vel est donec odio justo sollicitudin ut,11
984,7/20/2022,eget orci vehicula condimentum curabitur in libero,80
985,5/28/2022,sed sagittis nam congue risus semper porta volutpat quam pede lobortis ligula sit,93
986,2/25/2022,mi sit amet lobortis sapien sapien non mi integer ac neque duis bibendum morbi non quam nec dui,77
987,4/27/2022,proin eu mi nulla ac enim in tempor turpis nec euismod,27
988,3/24/2022,vel ipsum praesent blandit lacinia erat vestibulum sed magna at,185
989,1/24/2023,platea dictumst maecenas ut massa quis augue luctus tincidunt nulla mollis molestie lorem quisque ut erat curabitur gravida,36
990,6/28/2022,mauris viverra diam vitae quam suspendisse potenti nullam porttitor lacus at turpis donec posuere metus vitae ipsum aliquam non,165
991,7/16/2022,pretium nisl ut volutpat sapien arcu sed augue aliquam erat volutpat in congue,63
992,3/25/2022,nullam porttitor lacus at turpis donec posuere metus,34
993,5/8/2022,congue elementum in hac habitasse platea,77
994,9/4/2022,ante ipsum primis in faucibus orci luctus et ultrices posuere cubilia curae mauris viverra diam vitae quam,103
995,5/21/2022,lorem id ligula suspendisse ornare consequat lectus in est risus auctor,13
996,3/25/2022,hac habitasse platea dictumst morbi vestibulum velit id pretium iaculis diam erat fermentum justo nec,12
997,8/22/2022,mi in porttitor pede justo eu massa,200
998,9/12/2022,ante vivamus tortor duis mattis egestas metus aenean fermentum donec ut mauris eget,99
999,1/29/2022,augue aliquam erat volutpat in congue etiam justo etiam,7
1000,4/30/2022,eget orci vehicula condimentum curabitur in libero ut massa volutpat convallis morbi odio,110
