id,email,password,name,bio
1,vnoakes0@slideshare.net,jrU6thXmTLX,aglisane0,sed magna at nunc commodo placerat praesent blandit nam nulla
2,dhayford1@cnbc.com,416oatpj9,kbatstone1,
3,pshergill2@reuters.com,sVLZZB4q6Pn,rsebring2,
4,lkemme3@chronoengine.com,KlC8zgrt,msouthorn3,a suscipit nulla elit ac nulla sed vel
5,jtallboy4@shinystat.com,qSydwYpN8h,lklossmann4,proin leo odio porttitor id consequat in consequat ut nulla sed accumsan felis ut at dolor quis odio consequat varius integer ac leo
6,rskerman5@myspace.com,hUh9Ev,wjakoub5,lectus in quam fringilla rhoncus mauris enim leo
7,ialderson6@linkedin.com,UsmlyO9enTd,acourtenay6,
8,miacovacci7@wix.com,pdNLPXNggaNA,vdory7,
9,gevennett8@kickstarter.com,YWk98a,gsynke8,ipsum ac tellus semper interdum mauris ullamcorper purus
10,agillbe9@meetup.com,DCoOd4H,tdhennin9,urna pretium nisl ut volutpat sapien arcu sed augue aliquam erat volutpat
11,nbrundalea@engadget.com,2DHaw500,astrugnella,
12,vosoriob@tmall.com,TBEdzSTR,kpohlingb,
13,jwanlessc@twitpic.com,96SNRASCYd,lthornewillc,metus arcu adipiscing molestie hendrerit at vulputate vitae nisl aenean lectus pellentesque eget nunc donec
14,jhartlandd@1688.com,v51Kzoa,acrathernd,condimentum curabitur in libero ut massa volutpat convallis morbi odio odio elementum eu interdum
15,fspontone@cornell.edu,N6Tqy0vE,kjuarae,risus praesent lectus vestibulum quam sapien varius ut
16,mmacneishf@mozilla.com,BacV6X,eingef,mauris ullamcorper purus sit amet nulla quisque
17,eeccleshallg@nsw.gov.au,D10Sv4B8,clasteg,
18,jlagrangeh@hexun.com,ikS8KaoLv,sgawnh,leo rhoncus sed vestibulum sit amet cursus id turpis integer aliquet
19,atruswelli@earthlink.net,e5ftNaPd8rG,qosbornei,platea dictumst etiam faucibus cursus urna ut tellus nulla ut erat id mauris vulputate elementum nullam
20,cbibeyj@economist.com,ZDEMmuZKkW,esilverwoodj,nam nulla integer pede justo lacinia eget tincidunt eget tempus vel pede morbi porttitor lorem id ligula suspendisse ornare consequat lectus in
21,udaymentk@bbb.org,rNghMw1Dd,erunhamk,
22,cfynesl@fc2.com,DBHRixXz9xQH,fkellel,ut erat curabitur gravida nisi at nibh in hac habitasse platea dictumst aliquam augue quam sollicitudin vitae consectetuer
23,tbaderm@elegantthemes.com,zb5sVdBvgm,jwilfingerm,maecenas rhoncus aliquam lacus morbi quis tortor id nulla ultrices aliquet maecenas
24,ahexhamn@about.com,r6msd9RLH,traimentn,justo pellentesque viverra pede ac diam cras pellentesque volutpat dui maecenas tristique est et tempus semper est quam pharetra magna ac consequat metus
25,hpetegreeo@symantec.com,tRqg5PwF,frusho,
26,jpalfriep@istockphoto.com,C2HUql0zWJ7,stomekp,
27,htessierq@npr.org,ovQDCXub,inattq,
28,ipiler@weibo.com,C9U17S,lboultr,
29,jhavelins@howstuffworks.com,6AARwQj2,mbankers,nunc vestibulum ante ipsum primis in faucibus orci luctus et ultrices posuere cubilia curae mauris viverra diam vitae quam suspendisse potenti nullam porttitor lacus at
30,imcgerraghtyt@va.gov,EiSFXQWt,mhackfordt,enim leo rhoncus sed vestibulum sit amet cursus id turpis integer aliquet massa id
31,bsodoryu@360.cn,lguz0e,afrankesu,congue diam id ornare imperdiet sapien urna pretium nisl ut volutpat sapien arcu sed augue aliquam erat volutpat in congue etiam justo etiam
32,kmorisonv@amazonaws.com,kkd3JLh,fyanshinovv,fermentum justo nec condimentum neque sapien placerat ante nulla justo aliquam quis turpis eget elit sodales scelerisque
33,bsybbew@google.ru,L6bdA9fkptkN,yjiraw,semper porta volutpat quam pede lobortis ligula sit amet eleifend pede libero quis orci
34,tmacallesterx@eventbrite.com,QDz4N1btAqNa,edunkerleyx,ut massa volutpat convallis morbi odio odio elementum eu interdum eu tincidunt in leo maecenas pulvinar lobortis est phasellus sit
35,nlongthorny@tripadvisor.com,dUmylyI,aspearsy,magna ac consequat metus sapien ut nunc vestibulum ante ipsum primis in faucibus
36,cledwardz@skype.com,RrlRbvOgI,wvalasekz,
37,abonner10@dagondesign.com,odknODx,akroon10,id ligula suspendisse ornare consequat lectus in est risus auctor sed tristique in tempus sit amet
38,zgirvin11@weebly.com,TxDf7960Ul7,bary11,
39,lrosenzveig12@livejournal.com,069IAY,mharlett12,
40,adiggle13@xing.com,r84eN4bn4qcF,lfarndell13,feugiat non pretium quis lectus suspendisse
41,vpauling14@techcrunch.com,d1u3FUlr00L,ckopmann14,cubilia curae donec pharetra magna vestibulum aliquet ultrices erat tortor sollicitudin mi sit amet lobortis sapien sapien non
42,pgowling15@drupal.org,BpKzU4,cknibbs15,
43,bmcallen16@theatlantic.com,L8zIUHjn,cgolthorpp16,interdum mauris ullamcorper purus sit amet nulla quisque arcu libero rutrum ac lobortis vel dapibus at diam
44,gsiemons17@nymag.com,rFSqbw31mSA,itaylo17,pellentesque eget nunc donec quis orci eget orci vehicula condimentum curabitur in libero ut massa volutpat convallis morbi odio odio
45,dwalne18@hp.com,t9pakmT3Nb,pbartel18,tempus vivamus in felis eu sapien
46,nwestmancoat19@goodreads.com,WzPDSd,jalenin19,ante ipsum primis in faucibus orci luctus et ultrices posuere cubilia curae nulla dapibus dolor vel est donec odio justo sollicitudin ut
47,mgaliero1a@joomla.org,RKWDX0gv,cbenninck1a,vulputate justo in blandit ultrices enim lorem ipsum
48,fforrestor1b@facebook.com,XO4RokVCc,chusband1b,
49,bcotterell1c@1und1.de,8jUWssS,mbroadwood1c,nec euismod scelerisque quam turpis adipiscing lorem vitae mattis nibh ligula nec sem duis aliquam convallis nunc proin
50,logdahl1d@blogtalkradio.com,q2cjhedi,ifleckney1d,
51,strusler1e@paypal.com,QEmYQr,jloughlin1e,quam sollicitudin vitae consectetuer eget rutrum at lorem integer tincidunt ante vel ipsum praesent blandit lacinia erat vestibulum sed magna at nunc commodo placerat praesent
52,cwhittaker1f@theatlantic.com,lT2azaeLv,acabel1f,luctus tincidunt nulla mollis molestie lorem quisque ut
53,chathorn1g@unblog.fr,VyhxSY,dwolfenden1g,accumsan felis ut at dolor quis odio consequat varius integer ac leo pellentesque
54,bcootes1h@sohu.com,k8j63W5eGEHx,etrickey1h,
55,lvasnev1i@a8.net,npaLr7ND,mcottham1i,congue etiam justo etiam pretium iaculis justo in hac habitasse platea dictumst etiam faucibus cursus urna ut tellus nulla ut erat id mauris vulputate elementum
56,vcapnor1j@omniture.com,rXp4bp,lricci1j,convallis eget eleifend luctus ultricies eu nibh quisque id justo sit amet sapien dignissim vestibulum vestibulum ante ipsum primis in faucibus orci luctus
57,rmary1k@mit.edu,C7Cbp43J,mroddy1k,
58,lsueter1l@ebay.com,plKdjRc7Ga6f,gyurkevich1l,condimentum id luctus nec molestie sed justo pellentesque viverra pede ac diam cras
59,membleton1m@jigsy.com,nKKYz9,rmckeney1m,
60,lwingate1n@washington.edu,LgJg98HbNtJ,cgiacomoni1n,vivamus vestibulum sagittis sapien cum sociis natoque
61,rkent1o@bluehost.com,Ow8FxbQHHBh4,lkilligrew1o,
62,cfriese1p@de.vu,dJ1Lck7cV,flarkworthy1p,habitasse platea dictumst maecenas ut massa quis augue luctus tincidunt nulla mollis molestie lorem quisque ut erat curabitur gravida
63,wcookes1q@thetimes.co.uk,xoovKyVBn,rloges1q,
64,jvondrach1r@ed.gov,BTks0Aa,rrosso1r,sagittis sapien cum sociis natoque penatibus et magnis dis parturient montes nascetur ridiculus mus etiam vel augue vestibulum rutrum
65,thawkett1s@squarespace.com,z7XnrWp,elapish1s,lacus purus aliquet at feugiat non pretium quis lectus suspendisse potenti in eleifend quam a odio in hac habitasse platea dictumst maecenas ut massa quis
66,bathy1t@livejournal.com,tTOfNEbagFT,cboyat1t,sodales sed tincidunt eu felis fusce posuere felis sed lacus morbi sem mauris laoreet ut rhoncus aliquet pulvinar sed nisl nunc
67,gshrimptone1u@instagram.com,JZFHFGl5,aleere1u,nec dui luctus rutrum nulla tellus in sagittis dui vel nisl duis
68,ehradsky1v@pbs.org,Y0NCptxG,afrohock1v,in hac habitasse platea dictumst morbi vestibulum velit id pretium iaculis diam erat fermentum justo nec
69,cembleton1w@wufoo.com,SVXqY1rJL,bgeere1w,elit sodales scelerisque mauris sit amet eros suspendisse accumsan tortor quis turpis sed
70,rasch1x@addthis.com,X8ZXYmlf,kbrownscombe1x,nisi at nibh in hac
71,kwitnall1y@altervista.org,Cl3HO05U,mvallance1y,vestibulum aliquet ultrices erat tortor
72,dmcneish1z@csmonitor.com,c13lbqD,eabrashkin1z,
73,ddamper20@bloglines.com,ev1yBA5,ccoles20,
74,jnolton21@g.co,2DGzdLieQRXs,cwicks21,velit vivamus vel nulla eget eros elementum pellentesque
75,cdunster22@examiner.com,4Z6V1mar,egonneau22,
76,rpennington23@elegantthemes.com,6XNsPZqx,nshoebridge23,
77,mdanbury24@nifty.com,2vtrczKd5fP,djewitt24,bibendum morbi non quam nec dui luctus rutrum nulla tellus in
78,lcastellanos25@sohu.com,qBy9aGGHwL5,dplacido25,vel nisl duis ac nibh fusce lacus purus aliquet at feugiat non pretium quis lectus suspendisse potenti
79,slauder26@businesswire.com,gAYjPp3rQZ,ehedley26,curabitur at ipsum ac tellus semper interdum mauris ullamcorper purus sit amet
80,kbuttgow27@reuters.com,Okf3nmc,ocroix27,a libero nam dui proin leo odio porttitor id consequat in consequat ut nulla sed accumsan
81,cpursey28@ocn.ne.jp,NtiIKtJsVqZ,tbrookbank28,
82,hfrapwell29@yahoo.com,Sc7mgd,mmckeon29,erat fermentum justo nec condimentum neque sapien placerat ante nulla justo aliquam quis turpis eget elit sodales scelerisque mauris sit amet eros suspendisse accumsan
83,mdifilippo2a@sphinn.com,Ist47YVAM5,rlongfield2a,ultrices erat tortor sollicitudin mi sit amet lobortis sapien
84,bvischi2b@quantcast.com,nolASSb,gsidwell2b,vel sem sed sagittis nam congue risus semper porta volutpat quam pede lobortis ligula sit amet eleifend
85,tfigiovanni2c@google.fr,HDHpP71dK,acordier2c,luctus et ultrices posuere cubilia curae duis faucibus accumsan odio curabitur convallis duis
86,bcregeen2d@boston.com,eHYgD4THTUc4,cchomiszewski2d,
87,rtivolier2e@shop-pro.jp,EbcmqP,kphillps2e,vitae mattis nibh ligula nec sem duis aliquam convallis nunc proin at turpis a pede posuere nonummy integer non
88,bcuniam2f@ovh.net,tylZyUieVBJP,pcroll2f,
89,scryer2g@vistaprint.com,6DLBLv,ikilbee2g,at turpis donec posuere metus vitae ipsum aliquam non
90,cbalmer2h@spiegel.de,vLZFZtkNSfsO,djaffray2h,
91,lbeavon2i@japanpost.jp,wBa6SxAFhY,dmaha2i,mauris sit amet eros suspendisse
92,bcains2j@bloglines.com,HpOQ9jB,cgobolos2j,
93,smorphet2k@cnbc.com,rdzKzBfSQs2S,stuffell2k,ultrices vel augue vestibulum ante ipsum primis in faucibus orci luctus et ultrices posuere cubilia curae donec pharetra magna vestibulum aliquet ultrices erat tortor
94,phyndes2l@salon.com,g6TYvS,mglavias2l,est donec odio justo sollicitudin ut suscipit a feugiat et eros
95,ibuist2m@hugedomains.com,PHEukaO9s,astoffel2m,cubilia curae duis faucibus accumsan odio curabitur
96,blandrick2n@uol.com.br,TrLV64PP,vcarine2n,sollicitudin ut suscipit a feugiat et eros vestibulum ac
97,kdumingo2o@4shared.com,94xpjA,xmoar2o,tempus vel pede morbi porttitor lorem id ligula
98,cfahrenbacher2p@bloglines.com,wwRuhQYPND,hgatehouse2p,adipiscing elit proin interdum mauris non
99,fcake2q@ameblo.jp,txlIPFH7Gp,cgass2q,sapien placerat ante nulla justo aliquam quis
100,sguite2r@chron.com,WYyeh2lWwDti,broff2r,
101,nseden2s@icio.us,00erSzM1,asimenot2s,volutpat convallis morbi odio odio elementum eu interdum eu tincidunt
102,jmustard2t@t.co,R08ZCODH2,tberrey2t,
103,vbalma2u@amazon.com,TGJoFguYPX,abarwise2u,
104,hcosta2v@umich.edu,5HuM3HqQahJ,asancroft2v,condimentum id luctus nec molestie sed justo
105,kgimlet2w@nhs.uk,9azVNCC1Ri,edevonshire2w,ultrices posuere cubilia curae mauris viverra diam vitae quam
106,lgeertsen2x@va.gov,9XH84d,tkonerding2x,pede lobortis ligula sit amet eleifend pede libero quis orci nullam molestie nibh in lectus pellentesque at nulla suspendisse potenti cras
107,gkeasy2y@rakuten.co.jp,ufvEg0vW,schaplain2y,
108,vdanskine2z@bravesites.com,Q8zq9w,lmccaskill2z,massa volutpat convallis morbi odio odio elementum eu interdum eu tincidunt in leo maecenas pulvinar lobortis est phasellus sit amet erat nulla tempus
109,cbarajaz30@eepurl.com,83urrqKv8,sangier30,quis odio consequat varius integer ac
110,ecurrie31@ifeng.com,HpF0ri3,pcortnay31,sagittis nam congue risus semper porta volutpat quam pede lobortis ligula sit amet
111,fdufaire32@ow.ly,Bt9Wu4n,drizzardi32,nunc commodo placerat praesent blandit nam nulla
112,elewer33@goo.ne.jp,y8fjqSkL,klongland33,
113,fearland34@fema.gov,uTvQYX,lbroader34,
114,rlotze35@kickstarter.com,hJGZUBWj,mbellas35,
115,amccorley36@dagondesign.com,cidEG176,mroarty36,
116,bmiddlemist37@tumblr.com,r14NYw,abuglar37,
117,thinstock38@hhs.gov,oxV2O8xTlOp,kbrightwell38,justo eu massa donec dapibus duis at velit eu est congue elementum in hac habitasse platea dictumst
118,ttyrer39@ameblo.jp,3jP2fnRu,sfairholme39,nullam orci pede venenatis non
119,kgorler3a@eventbrite.com,gQXv4C,ctimbridge3a,
120,bcowoppe3b@google.cn,YAzBsF,tarmstrong3b,posuere felis sed lacus morbi sem mauris laoreet ut rhoncus aliquet pulvinar sed nisl nunc rhoncus
121,qklaggeman3c@icq.com,IS46GPFP,dmacandreis3c,at turpis a pede posuere nonummy integer non velit donec diam neque vestibulum eget vulputate ut ultrices vel augue
122,akohen3d@studiopress.com,BGoyTwQOK,efuller3d,nibh fusce lacus purus aliquet at feugiat non pretium quis lectus suspendisse potenti in
123,hmuslim3e@nyu.edu,rtMqT9UL,hmcowen3e,
124,lschoolcroft3f@hostgator.com,6KXgMnId,kcicetti3f,
125,sgervaise3g@usatoday.com,kE4D6a,twooddisse3g,
126,rlefeuvre3h@goodreads.com,ZntQZZymDkT,hosmon3h,habitasse platea dictumst maecenas ut
127,alorent3i@twitpic.com,eZjFfdgzg9HV,ecastellan3i,
128,pdrynan3j@wp.com,jdegv4,fduffell3j,
129,jcurtoys3k@mediafire.com,nq4FxQ9,aremnant3k,
130,beasbie3l@apple.com,2GrpHSC4J,pbittany3l,aliquet pulvinar sed nisl nunc rhoncus dui vel sem sed sagittis nam congue risus semper porta volutpat quam
131,dlatty3m@stanford.edu,LGtdSu6Tr,crapps3m,
132,tcousens3n@free.fr,Cby8kqMnwFq,pdewhurst3n,
133,nmackenney3o@naver.com,DWIvWngkL9l6,vtrippick3o,nunc rhoncus dui vel sem sed sagittis nam congue risus semper porta volutpat quam pede lobortis ligula sit
134,ckubista3p@japanpost.jp,zVOBLAbG,ceates3p,
135,eludlem3q@woothemes.com,2WmsM1Df,ahandrik3q,pellentesque viverra pede ac diam cras pellentesque volutpat dui maecenas tristique est et tempus semper est quam pharetra magna ac
136,bsims3r@ucoz.ru,VqGYUF,nostridge3r,quis libero nullam sit amet turpis elementum ligula vehicula consequat morbi a ipsum integer a nibh in quis justo maecenas rhoncus
137,hhurry3s@omniture.com,0WCpVKap7JWj,bcranmer3s,luctus nec molestie sed justo pellentesque viverra pede ac diam cras pellentesque volutpat dui maecenas tristique est et tempus
138,hfencott3t@google.ru,IF92STx8x9m,tstitson3t,mauris sit amet eros suspendisse accumsan tortor quis turpis sed ante
139,shaselup3u@utexas.edu,t7UDppX,sinsull3u,
140,rmcskeagan3v@nyu.edu,Xv5vAKWhJ4MX,ovanyard3v,
141,mbrou3w@feedburner.com,DAX35hMWzU,pleverich3w,blandit ultrices enim lorem ipsum dolor sit amet consectetuer adipiscing
142,agath3x@xing.com,wbgtM9,rbellin3x,lacinia nisi venenatis tristique fusce congue diam id ornare imperdiet sapien urna pretium nisl ut volutpat sapien arcu sed augue aliquam erat volutpat
143,llanyon3y@bloglines.com,iKTwSkx,mmcguiness3y,odio condimentum id luctus nec molestie sed justo pellentesque viverra pede ac diam cras pellentesque volutpat dui maecenas tristique
144,eivasyushkin3z@usatoday.com,xmvsKa,menrrico3z,elementum eu interdum eu tincidunt in leo maecenas pulvinar lobortis est phasellus sit amet erat nulla
145,kmartland40@51.la,4lFUdlk,pkebbell40,
146,pjambrozek41@tuttocitta.it,e64VYKBHhyU,mdagostino41,nisl duis bibendum felis sed interdum venenatis turpis enim blandit
147,iheld42@mapy.cz,MiQGCr2pSB,smanterfield42,curabitur convallis duis consequat dui nec nisi volutpat eleifend donec ut dolor morbi vel
148,syvens43@nba.com,HWfj2P28,jfenemore43,ut odio cras mi pede malesuada in imperdiet et
149,ejolley44@wired.com,zlcCg9e,mewbanche44,sit amet cursus id turpis integer aliquet massa id lobortis convallis tortor risus dapibus augue vel accumsan tellus
150,dhazleton45@utexas.edu,kH1bCPfR6X,ihowselee45,amet nunc viverra dapibus nulla suscipit ligula in lacus curabitur at ipsum ac tellus semper interdum mauris ullamcorper
151,cmathey46@aol.com,j0oIm3zicJ,tchippindale46,
152,jcomberbach47@home.pl,WJ7ifz,jlamdin47,tincidunt ante vel ipsum praesent blandit lacinia
153,ffeatherstonhaugh48@indiatimes.com,Ua9WHi,klewington48,
154,cpennetta49@un.org,jnlxBUfC6xcT,mbuttrick49,
155,mduffy4a@apache.org,tPYnF0Ko34,pimlach4a,pulvinar sed nisl nunc rhoncus dui
156,dmcgroarty4b@nih.gov,FxvVy22fBeKA,kmildenhall4b,
157,mclist4c@japanpost.jp,41bYxbL0tJ8L,jrzehorz4c,
158,csavoury4d@twitter.com,z9K5nO,gjovey4d,urna pretium nisl ut volutpat sapien arcu sed augue aliquam erat volutpat in congue etiam justo etiam pretium iaculis
159,ssparling4e@cmu.edu,kV5gSwr,hcleghorn4e,
160,sconvery4f@ox.ac.uk,C0X4xn,mpelman4f,nulla tempus vivamus in felis eu sapien cursus vestibulum proin eu mi nulla ac enim in tempor turpis nec euismod scelerisque quam turpis adipiscing
161,ebraine4g@nasa.gov,BGbU9ryzw,dclacson4g,
162,marnholtz4h@addtoany.com,AoGmIdAW,kgrebner4h,risus dapibus augue vel accumsan tellus nisi eu orci mauris lacinia sapien quis libero nullam sit amet turpis elementum ligula vehicula consequat morbi
163,noxbe4i@cargocollective.com,Uwx29R45,ttaffarello4i,
164,bbracher4j@home.pl,mw5h4D03BBN,asalman4j,id sapien in sapien iaculis congue vivamus metus arcu adipiscing molestie hendrerit at vulputate vitae nisl aenean lectus pellentesque eget nunc donec quis orci
165,dbillham4k@springer.com,0MYNuV9a0zoV,vhebdon4k,neque vestibulum eget vulputate ut ultrices vel augue vestibulum ante ipsum primis in faucibus orci luctus et
166,twiggall4l@hexun.com,MzaVHS86l,bmettetal4l,morbi odio odio elementum eu interdum eu tincidunt in
167,tvandecappelle4m@zimbio.com,SauhnejF0kEi,dpenwright4m,
168,mgroucutt4n@vkontakte.ru,hZWm0aap,tcokayne4n,aliquet massa id lobortis convallis tortor risus dapibus augue
169,cbignold4o@webs.com,TalUTx,fcoulter4o,dolor morbi vel lectus in quam fringilla rhoncus mauris enim leo rhoncus sed vestibulum sit amet cursus
170,pmackibbon4p@desdev.cn,opb14ghL1,sjiroutek4p,
171,tsommerfeld4q@archive.org,7Hm9RtC,dcaffin4q,
172,wsnozzwell4r@quantcast.com,80SGyHM3FRC,mbaradel4r,
173,gmcmillam4s@ocn.ne.jp,CispP3z1RiYr,rpacke4s,
174,btaunton4t@elegantthemes.com,nOdrMU,rnannetti4t,sapien ut nunc vestibulum ante
175,fhaverson4u@tmall.com,Qd3nC6,kverrick4u,nulla dapibus dolor vel est donec odio justo sollicitudin ut suscipit a feugiat et eros
176,ebaulch4v@qq.com,RCen8ShcNPv,ebarstock4v,
177,bmcardle4w@businessweek.com,HfHLUax5,lmebs4w,a feugiat et eros vestibulum ac est lacinia nisi venenatis tristique fusce congue diam id ornare imperdiet sapien urna pretium nisl ut volutpat sapien
178,hsemens4x@artisteer.com,jddHYgZ,cosipenko4x,
179,uaustins4y@washington.edu,yT5CI2Y,rforstall4y,vulputate ut ultrices vel augue vestibulum ante ipsum primis in
180,zkenwrick4z@samsung.com,WJ3SIRVWgFAP,mbaylie4z,volutpat eleifend donec ut dolor morbi vel lectus in quam fringilla rhoncus
181,alodge50@cpanel.net,d4DTDz,bforri50,lorem vitae mattis nibh ligula nec sem duis aliquam convallis nunc proin at turpis a pede posuere
182,ccossem51@shutterfly.com,JZfyctz,pmacnaughton51,dui vel sem sed sagittis nam congue risus semper porta volutpat quam pede lobortis ligula sit amet eleifend pede libero
183,jcassell52@bandcamp.com,ACVnCDcv3,rsyred52,
184,ajanoch53@rambler.ru,t9vaIJ,bporritt53,
185,emaken54@technorati.com,KyZvqFh,pabate54,quisque id justo sit amet sapien dignissim vestibulum vestibulum ante ipsum primis
186,lallsepp55@yolasite.com,w8oWRsz,ccloney55,id nulla ultrices aliquet maecenas leo odio condimentum id luctus nec molestie sed justo pellentesque viverra pede ac
187,apheasey56@webs.com,VOnqLOZzn,ppenhallurick56,vivamus metus arcu adipiscing molestie hendrerit at
188,acitrine57@netvibes.com,lT25Hkgd,nneeve57,
189,lkinver58@chron.com,v4skKXOsSB2o,mfilipov58,pulvinar nulla pede ullamcorper augue a suscipit nulla elit ac nulla sed vel enim sit amet nunc viverra
190,grames59@buzzfeed.com,SzHKTh,nhaitlie59,sem praesent id massa id nisl venenatis lacinia aenean sit amet justo morbi ut odio cras mi pede malesuada in imperdiet et commodo vulputate
191,gdain5a@amazon.de,OAh3Y2uEm,smelendez5a,amet sem fusce consequat nulla nisl nunc nisl duis bibendum felis sed interdum
192,rberic5b@harvard.edu,YIr1rWHXm,djanko5b,posuere cubilia curae mauris viverra diam vitae quam suspendisse potenti nullam porttitor lacus at turpis donec posuere metus vitae ipsum
193,cbison5c@illinois.edu,j8H6yA9,jvaneeden5c,
194,eextill5d@nps.gov,WqSaDHw,eogles5d,rutrum nulla nunc purus phasellus in felis donec semper sapien a libero
195,ohaibel5e@cpanel.net,Un6QBj,aaddicote5e,
196,dmartynikhin5f@illinois.edu,lOgZeZsr0WI,fvader5f,pede ac diam cras pellentesque volutpat dui maecenas tristique est et
197,truddin5g@technorati.com,XIqBWGdK,hleward5g,amet turpis elementum ligula vehicula consequat morbi a ipsum integer a nibh in quis justo maecenas rhoncus aliquam lacus morbi quis tortor id
198,aeveleigh5h@rediff.com,1ZGJMg,gohalligan5h,nunc nisl duis bibendum felis sed
199,cstringfellow5i@about.com,OF54ZpNH,sarkwright5i,convallis tortor risus dapibus augue vel accumsan tellus nisi eu orci mauris lacinia sapien quis
200,hlayman5j@mtv.com,1ehr9TSM,epoulston5j,augue vestibulum ante ipsum primis in faucibus orci luctus et ultrices posuere cubilia curae donec pharetra magna vestibulum aliquet ultrices erat
201,awoolley5k@unblog.fr,Am250hDLNfTZ,rsheehan5k,bibendum felis sed interdum venenatis turpis enim blandit mi in porttitor pede justo eu massa donec dapibus duis
202,hagott5l@elpais.com,KdNKqjlrFH,dbrumbye5l,semper porta volutpat quam pede lobortis ligula sit amet eleifend pede libero quis orci nullam molestie nibh in lectus pellentesque at nulla
203,lhirsch5m@addtoany.com,6LyEN6fJyUh,gabramow5m,
204,tcorbishley5n@angelfire.com,MC6ZVnXi,ylackham5n,nunc viverra dapibus nulla suscipit ligula in lacus curabitur at ipsum ac tellus semper interdum mauris
205,kspiring5o@va.gov,vTwf8nwp9,hvandenvelden5o,ut nulla sed accumsan felis ut at dolor quis
